policy,network,seed,window_start,n_steps,rmse_mean,loss_mean,missed_violation_pct,false_alarm_pct,avg_aoi,max_aoi,choice_fairness,packet_success_pct,runtime_us_mean,final_dual_f,final_dual_s,mean_pbad,final_q_s,final_q_e,mean_q_f
round_robin,burst,2026,2016,2015,0.9771374434171829,0.20105459057071962,2.7129859387923903,1.555004135649297,1.5611248966087676,14.0,0.9999995074167035,86.0545905707196,0.9820445534015172,0.05,0.9967000000000037,0.13520417329675818,42.660666666666344,18.581041666666415,0.3333333333333333
max_aoi,burst,2026,2016,2015,0.9515012689240127,0.16786858974358973,2.133995037220844,1.7038875103391231,1.442183622828784,11.0,0.9996361132263979,86.0545905707196,4.65714990013457,0.05,0.9967000000000037,0.13520417329675818,30.993999999999676,17.228833333333125,12.999999999999536
channel_aware_rr,burst,2026,2016,2015,0.977260584943851,0.18547870140612077,2.4483043837882548,1.5715467328370554,1.442183622828784,11.0,0.9996361132263979,86.0545905707196,25.60241985748344,0.05,0.9820000000000036,0.13520417329675818,37.32733333333302,18.687958333333082,12.999999999999536
error_trigger,burst,2026,2016,2015,0.7716486750915749,0.1292778122415219,1.7369727047146404,1.0421836228287842,13.016873449131513,137.0,0.6174248938916795,86.0545905707196,4.394829847212077,1.2,0.82550000000001,0.13520417329675818,22.99399999999976,8.390333333333222,248.44444444444093
generic_voi,burst,2026,2016,2015,0.7821990583064565,0.13809708436724566,1.8527708850289495,1.1579818031430935,12.521588089330026,139.0,0.6803723944312428,86.0545905707196,6.728736478194049,1.2,0.9005000000000104,0.13520417329675818,25.32733333333298,8.817416666666588,216.88888888888755
cvoi_sf,burst,2026,2016,2015,0.7960327305643338,0.12677574441687345,1.621174524400331,1.3068651778329199,1.6190239867659222,12.0,0.9984591137666357,86.0545905707196,18.875519589061106,0.05,0.7654999999999961,0.13520417329675818,20.660666666666472,9.404374999999925,15.000000000000236
b2croi_hq,burst,2026,2016,2015,0.8033905185211094,0.0999612282878412,1.2737799834574028,0.8933002481389578,1.8009925558312656,17.0,0.9999935964549975,86.0545905707196,250.2424570622914,0.05,0.37549999999999134,0.13520417329675818,13.995333333333253,8.996041666666569,5.666666666666523
oracle,burst,2026,2016,2015,0.803062128776932,0.09608664185277088,1.240694789081886,0.76095947063689,12.94177005789909,138.0,0.6184818331029388,86.0545905707196,54.21477757991123,1.2,0.3454999999999913,0.13520417329675818,13.328666666666585,9.187958333333205,248.55555555555134
round_robin,burst,2027,4032,2015,0.9168786675360145,0.16003928866832093,1.9685690653432588,1.9189412737799834,1.6003308519437551,14.0,0.9999995074167035,85.31017369727047,0.6779175016002974,0.05,0.9961000000000004,0.14367932754275267,27.582666666666302,14.968541666666349,0.3333333333333333
max_aoi,burst,2027,4032,2015,0.9080294322128427,0.15140353598014888,1.8196856906534327,1.9520264681555006,1.451778329197684,11.0,0.9999404009440294,85.31017369727047,2.5702898015635594,0.05,0.975500000000016,0.14367932754275267,24.58266666666625,14.650374999999746,6.55555555555564
channel_aware_rr,burst,2027,4032,2015,0.906210304299913,0.14242142266335814,1.687344913151365,1.8858560794044668,1.451778329197684,11.0,0.9999226703646978,85.31017369727047,11.777860431980443,0.05,0.945500000000003,0.14367932754275267,21.915999999999638,14.488916666666396,6.55555555555564
error_trigger,burst,2027,4032,2015,0.6941677093377799,0.09126602564102564,1.0752688172043012,1.2737799834574028,11.981803143093465,142.0,0.6371340036678682,85.31017369727047,3.2868506326213036,1.2,0.3904999999999747,0.14367932754275267,10.065333333333252,4.032958333333394,236.88888888888553
generic_voi,burst,2027,4032,2015,0.7090900317951271,0.0942152605459057,1.108354011579818,1.3234077750206783,11.508188585607941,140.0,0.7015935486000269,85.31017369727047,7.464290866206537,1.2,0.45049999999996865,0.14367932754275267,10.731999999999907,4.4808750000000295,205.2222222222225
cvoi_sf,burst,2027,4032,2015,0.7238492798647975,0.10422870140612076,1.174524400330852,1.7038875103391231,1.631430934656741,12.0,0.9987096206073048,85.31017369727047,18.90780834990112,0.05,0.5104999999999661,0.14367932754275267,12.065333333333081,5.150375000000006,15.666666666666693
b2croi_hq,burst,2027,4032,2015,0.7372475592951915,0.05912169148056245,0.6120760959470637,0.9263854425144747,1.8173697270471465,15.0,0.9999995074167035,85.31017369727047,230.71616881185562,0.05,0.0890000000000001,0.14367932754275267,2.3633333333334097,5.760541666666631,4.44444444444429
oracle,burst,2027,4032,2015,0.7285917501631474,0.058077440033085195,0.5955334987593052,0.9263854425144747,11.922415219189412,142.0,0.6459254939186939,85.31017369727047,48.79675883419636,1.2,0.07400000000000011,0.14367932754275267,2.030000000000076,5.65637499999998,232.55555555555247
round_robin,burst,2028,6048,2015,0.9384895108201636,0.12741935483870967,1.4722911497105047,1.687344913151365,1.5288668320926386,20.0,0.9999995074167035,86.45161290322581,0.6575479075975864,0.05,0.7955000000000119,0.12972919858101153,18.422666666666327,16.27833333333313,0.3333333333333333
max_aoi,burst,2028,6048,2015,0.8973638073381948,0.11239660876757651,1.2572373862696444,1.621174524400331,1.3852770885028949,10.0,0.9999138053108242,86.45161290322581,2.436457021582511,0.05,0.6754999999999869,0.12972919858101153,14.113333333333076,14.012708333333075,6.666666666666866
channel_aware_rr,burst,2028,6048,2015,0.8849983193143091,0.12947942514474772,1.6542597187758479,1.1910669975186103,1.3852770885028949,10.0,0.9999138053108242,86.45161290322581,13.238327002422029,0.05,0.8855000000000413,0.12972919858101153,22.113333333332918,13.42416666666643,6.666666666666866
error_trigger,burst,2028,6048,2015,0.6942146298957833,0.08302574441687345,0.9760132340777503,1.1248966087675765,12.206451612903226,139.0,0.6176553853446409,86.45161290322581,4.263121766013974,1.2,0.390499999999974,0.12972919858101153,8.42266666666643,3.917333333333473,247.77777777777376
generic_voi,burst,2028,6048,2015,0.6926996871147194,0.07524296939619521,0.8767576509511994,1.0090984284532674,11.828287841191067,137.0,0.6711167838824533,86.45161290322581,8.936209393123272,1.2,0.33049999999998525,0.12972919858101153,6.422666666666677,3.8340000000001107,220.44444444444238
cvoi_sf,burst,2028,6048,2015,0.7066277743005305,0.07133478081058726,0.7775020678246485,1.1248966087675765,1.5422663358147228,12.0,0.9980085179976929,86.45161290322581,21.656461481944365,0.05,0.2555000000000026,0.12972919858101153,4.422666666666846,4.45899999999987,14.888888888888737
b2croi_hq,burst,2028,6048,2015,0.749156848602636,0.0316144540942928,0.21505376344086022,0.6617038875103392,1.737468982630273,15.0,0.9999995074167035,86.45161290322581,308.31807590463535,0.05,0.05870000000000029,0.12972919858101153,0.3853333333333324,6.273124999999748,4.888888888888707
oracle,burst,2028,6048,2015,0.7516136625230576,0.03248294044665012,0.24813895781637718,0.5789909015715468,12.238544251447477,137.0,0.6166911734663733,86.45161290322581,45.535945910995096,1.2,0.06260000000000063,0.12972919858101153,0.7186666666666657,6.523124999999748,248.44444444444017
round_robin,burst,2029,8064,2015,0.9151807323315856,0.15451044251447477,2.0678246484698097,1.141439205955335,1.669313482216708,26.0,0.9999995074167035,84.863523573201,0.635712617972436,0.05,0.9202000000000105,0.14563808558431268,30.068666666666257,15.073999999999801,0.3333333333333333
max_aoi,burst,2029,8064,2015,0.8060552916897435,0.1342302522746071,1.8031430934656743,1.0587262200165426,1.4696443341604633,12.0,0.9999817747412197,84.863523573201,2.4511097061156613,0.05,0.8555000000000303,0.14563808558431268,24.735333333332996,8.672166666666506,10.444444444444228
channel_aware_rr,burst,2029,8064,2015,0.8041553707246654,0.1406456782464847,1.8693134822167081,1.2241521918941274,1.4696443341604633,12.0,0.9999817747412197,84.863523573201,11.939107164250636,0.05,0.9583000000000063,0.14563808558431268,26.30266666666623,8.609666666666438,10.444444444444228
error_trigger,burst,2029,8064,2015,0.6889091654519915,0.10078577336641853,1.2903225806451613,1.0587262200165426,9.041687344913152,134.0,0.6471621837229878,84.863523573201,3.149680982929685,1.2,0.40549999999996345,0.14563808558431268,14.401999999999774,3.789624999999821,232.9999999999974
generic_voi,burst,2029,8064,2015,0.6947128338476466,0.097645264681555,1.2737799834574028,0.9098428453267163,8.650289495450785,132.0,0.681918456141553,84.863523573201,7.0022352798969,1.2,0.3904999999999712,0.14563808558431268,14.068666666666392,3.8989999999998113,215.99999999999855
cvoi_sf,burst,2029,8064,2015,0.7026224703586247,0.09903587675765095,1.240694789081886,1.1248966087675765,1.6535980148883376,15.0,0.9974848070108978,84.863523573201,18.75606053375937,0.05,0.3604999999999734,0.14563808558431268,13.47133333333306,4.039624999999796,18.444444444444976
b2croi_hq,burst,2029,8064,2015,0.7212310496298756,0.07318289909015716,0.9925558312655087,0.3639371381306865,1.8463192721257238,15.0,0.9999935964549975,84.863523573201,220.96864727618075,0.05,0.180499999999982,0.14563808558431268,9.804666666666392,4.756291666666466,5.6666666666663845
oracle,burst,2029,8064,2015,0.7169997022055572,0.07016387510339123,0.9429280397022334,0.3639371381306865,9.059057071960298,133.0,0.6552445790795227,84.863523573201,46.008457077283495,1.2,0.13549999999999435,0.14563808558431268,9.137999999999725,4.672958333333132,228.99999999999795
round_robin,burst,2030,10080,2015,1.1914219315936432,0.173296629445823,1.9189412737799834,2.3986765922249793,1.483705541770058,26.0,0.9999995074167035,88.78411910669975,0.737411483212908,0.05,0.9664000000000037,0.11097264892456167,27.2666666666662,33.00945833333274,0.3333333333333333
max_aoi,burst,2030,10080,2015,1.0954652347792162,0.16825889164598842,1.935483870967742,2.216708023159636,1.3488833746898263,14.0,0.9995711437340579,88.78411910669975,2.3877349489763673,0.05,0.9814000000000037,0.11097264892456167,27.473999999999577,26.35874999999936,10.22222222222207
channel_aware_rr,burst,2030,10080,2015,1.1311937051024599,0.16760752688172043,1.8527708850289495,2.415219189412738,1.3488833746898263,14.0,0.9995711437340579,88.78411910669975,14.165288277771138,0.05,0.9754000000000044,0.11097264892456167,25.80733333333287,29.03583333333275,10.22222222222207
error_trigger,burst,2030,10080,2015,0.9043295880218917,0.09514061207609595,0.8933002481389578,1.902398676592225,9.38626964433416,139.0,0.6523616190332504,88.78411910669975,3.48341895790803,1.2,0.31549999999995987,0.11097264892456167,6.473999999999676,14.599124999999713,229.77777777777544
generic_voi,burst,2030,10080,2015,0.9295351131054218,0.1050739247311828,1.0421836228287842,1.935483870967742,8.945740281224152,139.0,0.696164398170938,88.78411910669975,6.82031508219121,1.2,0.4204999999999647,0.11097264892456167,9.599999999999678,15.614749999999702,208.77777777777655
cvoi_sf,burst,2030,10080,2015,0.9138477768029715,0.09623655913978495,0.9098428453267163,1.902398676592225,1.5037220843672456,17.0,0.999166750951309,88.78411910669975,18.66528582377891,0.05,0.34549999999998043,0.11097264892456167,6.8073333333334745,14.770999999999722,12.444444444444406
b2croi_hq,burst,2030,10080,2015,0.9332400934520401,0.06449803556658396,0.5293631100082713,1.2737799834574028,1.6696443341604632,22.0,0.9999995074167035,88.78411910669975,220.33379314176705,0.05,0.13040000000000088,0.11097264892456167,2.574666666666702,15.854333333333049,4.333333333333264
oracle,burst,2030,10080,2015,0.9546655939752039,0.06332454507857734,0.49627791563275436,1.2737799834574028,9.414557485525227,139.0,0.6605481497461017,88.78411910669975,46.87325320629491,1.2,0.11540000000000089,0.11097264892456167,2.2413333333333685,17.489749999999667,226.111111111109
round_robin,burst,2031,12096,2015,0.8343736274545241,0.1196210711331679,1.455748552522746,1.4226633581472292,1.5447477253928867,14.0,0.9999995074167035,85.40942928039702,0.6346307390441115,0.05,0.8705000000000198,0.1411302262610667,17.33933333333313,10.037250000000007,0.3333333333333333
max_aoi,burst,2031,12096,2015,0.8156707101780571,0.12013802729528536,1.4722911497105047,1.4226633581472292,1.4105872622001654,11.0,0.9997380142117441,85.40942928039702,2.3849309321259504,0.05,0.8705000000000195,0.1411302262610667,17.852666666666465,9.258916666667012,6.888888888889086
channel_aware_rr,burst,2031,12096,2015,0.8041197857885435,0.11201147642679901,1.4226633581472292,1.0918114143920596,1.4105872622001654,11.0,0.9997380142117441,85.40942928039702,11.548896311642485,0.05,0.8255000000000334,0.1411302262610667,16.923999999999765,8.711000000000332,6.888888888889086
error_trigger,burst,2031,12096,2015,0.6768737111953476,0.07009408602150538,0.8933002481389578,0.6120760959470637,10.092307692307692,145.0,0.6120112151623255,85.40942928039702,3.4039052240562073,1.2,0.31549999999998724,0.1411302262610667,7.590666666666518,5.577874999999956,250.4444444444401
generic_voi,burst,2031,12096,2015,0.6814332229722622,0.06378463606286187,0.7940446650124069,0.5789909015715468,9.70686517783292,141.0,0.655423547223636,85.40942928039702,6.634547914177291,1.2,0.22550000000000217,0.1411302262610667,6.25733333333317,5.67683333333329,229.1111111111085
cvoi_sf,burst,2031,12096,2015,0.6926851183311934,0.05777502067824648,0.6782464846980976,0.6286186931348222,1.5756823821339951,11.0,0.9981439484730597,85.40942928039702,18.926841738661544,0.05,0.1862000000000059,0.1411302262610667,4.590666666666691,5.718499999999957,17.555555555554957
b2croi_hq,burst,2031,12096,2015,0.6846271351409429,0.03878205128205128,0.4466501240694789,0.2977667493796526,1.744251447477254,12.0,0.9999980296697258,85.40942928039702,228.29911798610246,0.05,0.08660000000000041,0.1411302262610667,1.198666666666666,5.50858333333329,3.3333333333333237
oracle,burst,2031,12096,2015,0.686007233603665,0.03553815136476427,0.39702233250620345,0.2812241521918941,10.082051282051282,145.0,0.6233684503688801,85.40942928039702,46.24757315893022,1.2,0.08660000000000041,0.1411302262610667,1.198666666666666,5.607541666666623,244.77777777777365
round_robin,burst,2032,14112,2015,1.036114891600159,0.14044665012406948,1.6046319272125724,1.8196856906534327,1.6057899090157155,14.0,0.9999995074167035,84.863523573201,0.640206913800018,0.05,0.9155000000000322,0.14762498761277046,20.75933333333299,22.41499999999935,0.3333333333333333
max_aoi,burst,2032,14112,2015,0.9852130985578603,0.12219551282051282,1.2572373862696444,2.1009098428453266,1.4742762613730356,11.0,0.9999743863120452,84.863523573201,2.3277170839719474,0.05,0.585499999999987,0.14762498761277046,13.75933333333303,19.16058333333277,7.111111111111216
channel_aware_rr,burst,2032,14112,2015,0.9974898408802203,0.12700320512820512,1.3730355665839538,1.935483870967742,1.4742762613730356,11.0,0.9999743863120452,84.863523573201,11.678625292649663,0.05,0.7205000000000108,0.14762498761277046,16.092666666666375,19.852499999999388,7.111111111111216
error_trigger,burst,2032,14112,2015,0.8314632872719598,0.09476323407775021,1.0752688172043012,1.2903225806451613,12.947725392886683,148.0,0.6296459988291715,84.863523573201,3.201942850440445,1.2,0.43549999999996425,0.14762498761277046,10.278666666666389,10.46787499999973,241.11111111110844
generic_voi,burst,2032,14112,2015,0.8390640279824794,0.10062034739454094,1.141439205955335,1.4061207609594708,12.487344913151365,148.0,0.666247741487885,84.863523573201,6.599514171043203,1.2,0.510499999999986,0.14762498761277046,11.587999999999692,10.769958333333062,223.44444444444375
cvoi_sf,burst,2032,14112,2015,0.8575200891943986,0.09710504549214227,1.0587262200165426,1.4722911497105047,1.6484698097601322,16.0,0.9961427368903472,84.863523573201,19.04381685064084,0.2335587226587109,0.36049999999997523,0.14762498761277046,9.92133333333311,11.686624999999745,23.88888888888867
b2croi_hq,burst,2032,14112,2015,0.8629491570870358,0.05780345326716294,0.49627791563275436,1.0918114143920596,1.8550868486352357,20.0,0.9999995074167035,84.863523573201,223.9379606604872,0.05,0.05,0.14762498761277046,1.9400000000000817,11.993916666666392,7.111111111111346
oracle,burst,2032,14112,2015,0.8432319339486843,0.05454921422663358,0.47973531844499584,0.9760132340777503,12.988751033912324,148.0,0.6259019000927856,84.863523573201,48.248280535501756,1.2,0.05,0.14762498761277046,1.606666666666741,10.936624999999731,243.44444444444142
round_robin,burst,2033,16128,2015,1.0577702952783452,0.09668372622001654,1.0587262200165426,1.0421836228287842,1.6147229114971051,17.0,0.9999995074167035,85.6575682382134,0.6316511531559191,0.05,0.3904999999999668,0.14081745299014203,9.561333333333232,23.313291666666156,0.3333333333333333
max_aoi,burst,2033,16128,2015,0.8598233346453553,0.07022590984284532,0.727874276261373,0.9760132340777503,1.457402812241522,16.0,0.9995445677393943,85.6575682382134,2.2997081569493023,0.05,0.18050000000000788,0.14081745299014203,2.9853333333335677,12.000791666666414,10.88888888888887
channel_aware_rr,burst,2033,16128,2015,1.0197272719924546,0.07409532671629446,0.727874276261373,0.9429280397022334,1.457402812241522,16.0,0.9995445677393943,85.6575682382134,12.578046111541363,0.05,0.15050000000001015,0.14081745299014203,4.588000000000149,20.797666666666153,10.88888888888887
error_trigger,burst,2033,16128,2015,0.7513118176925663,0.056035463192721256,0.6782464846980976,0.39702233250620345,17.99520264681555,206.0,0.5764588392153722,85.6575682382134,4.114124575998431,1.2,0.09050000000001027,0.14081745299014203,2.2546666666667856,7.8267499999996994,269.7777777777738
generic_voi,burst,2033,16128,2015,0.7725966580186503,0.04691377171215881,0.47973531844499584,0.5624483043837882,17.438544251447478,206.0,0.6313001154157899,85.6575682382134,7.386115598018575,1.2,0.05390000000000069,0.14081745299014203,0.292000000000042,8.149666666666372,241.11111111110858
cvoi_sf,burst,2033,16128,2015,0.788562027742057,0.04671991315136476,0.47973531844499584,0.5459057071960298,1.5662531017369727,16.0,0.9972158098576934,85.6575682382134,19.34223470584866,0.05,0.05,0.14081745299014203,0.2920000000000502,8.46737499999971,17.11111111111101
b2croi_hq,burst,2033,16128,2015,0.7525651358428308,0.03203060380479735,0.2977667493796526,0.3143093465674111,1.8001654259718776,38.0,0.9999995074167035,85.6575682382134,226.1085711620637,0.05,0.05,0.14081745299014203,0.009999999999999181,8.092374999999706,6.666666666666693
oracle,burst,2033,16128,2015,0.761601138720078,0.028145678246484698,0.23159636062861869,0.3143093465674111,17.861373035566583,206.0,0.5817275462386879,85.6575682382134,46.071367195019356,1.2,0.05,0.14081745299014203,0.009999999999999181,8.071541666666377,266.77777777777396
round_robin,burst,2034,18144,2015,1.1029175656402137,0.13274917287014062,1.5715467328370554,1.2903225806451613,1.8663358147229114,20.0,0.9999995074167035,82.92803970223325,0.6273370591470644,0.05,0.7805000000000142,0.1725716842526974,19.810666666666236,26.41237499999948,0.3333333333333333
max_aoi,burst,2034,18144,2015,1.0466491602430494,0.11925144747725393,1.4226633581472292,1.108354011579818,1.6534325889164598,19.0,0.9999551769071425,82.92803970223325,2.2967018359791367,0.05,0.690500000000013,0.1725716842526974,16.810666666666236,22.71524999999949,9.222222222221994
channel_aware_rr,burst,2034,18144,2015,1.0469799307433825,0.11121536393713813,1.240694789081886,1.3068651778329199,1.6534325889164598,19.0,0.999962565052457,82.92803970223325,11.926216362783727,0.05,0.5104999999999777,0.1725716842526974,13.209999999999567,22.521749999999507,9.222222222221994
error_trigger,burst,2034,18144,2015,0.8662400616397198,0.09292545492142266,1.108354011579818,0.9760132340777503,17.339454094292805,184.0,0.6293596434487679,82.92803970223325,3.4848819453576603,1.2,0.4204999999999571,0.1725716842526974,10.543333333333127,11.668374999999692,241.44444444444173
generic_voi,burst,2034,18144,2015,0.8669995670938434,0.08619210090984285,1.0587262200165426,0.727874276261373,16.8767576509512,181.0,0.6841660234008885,82.92803970223325,6.968731542462229,1.2,0.37549999999995703,0.1725716842526974,9.543333333333088,11.600666666666351,214.33333333333158
cvoi_sf,burst,2034,18144,2015,0.8848006557659879,0.08122415219189413,1.0090984284532674,0.5624483043837882,1.8226633581472291,19.0,0.9976083297153607,82.92803970223325,18.7807320313824,0.09982482216977309,0.33049999999996993,0.1725716842526974,8.543333333333324,12.590249999999712,18.222222222222154
b2croi_hq,burst,2034,18144,2015,0.8880884110450636,0.05974720843672456,0.7113316790736146,0.3143093465674111,2.0646815550041357,22.0,0.999990641000349,82.92803970223325,232.15521633883282,0.05,0.07670000000000264,0.1725716842526974,3.267333333333301,12.814208333333031,4.666666666666639
oracle,burst,2034,18144,2015,0.8876328518487466,0.05948873035566584,0.7113316790736146,0.2977667493796526,17.228618693134823,178.0,0.6292940935962645,82.92803970223325,45.92243569083258,1.2,0.07670000000000264,0.1725716842526974,3.267333333333301,12.7933749999997,241.77777777777473
round_robin,burst,2035,20160,2015,0.8685037065248764,0.09372415219189413,1.0421836228287842,1.2903225806451613,1.6459884201819686,17.0,0.9999995074167035,84.71464019851118,0.6328635696245464,0.05,0.42049999999996857,0.14726598185569137,8.95199999999965,12.094624999999922,0.3333333333333333
max_aoi,burst,2035,20160,2015,0.8628814806872763,0.09952440033085194,1.1910669975186103,1.0918114143920596,1.4785773366418529,14.0,0.99981925451599,84.71464019851118,2.3560158829794036,0.05,0.6005000000000275,0.14726598185569137,11.951999999999686,12.46633333333324,6.777777777777814
channel_aware_rr,burst,2035,20160,2015,0.858972870630866,0.09993021091811415,1.207609594706369,1.0587262200165426,1.4785773366418529,14.0,0.99981925451599,84.71464019851118,11.804524440666148,0.05,0.6155000000000275,0.14726598185569137,12.285333333333035,12.319208333333263,6.777777777777814
error_trigger,burst,2035,20160,2015,0.7069433231534222,0.05949389991728701,0.6947890818858561,0.6617038875103392,14.532340777502068,176.0,0.6328558030674348,84.71464019851118,3.529122483046499,1.2,0.15050000000001024,0.14726598185569137,3.1713333333334766,7.013208333333246,241.111111111108
generic_voi,burst,2035,20160,2015,0.7140776113303485,0.06729476840363938,0.7940446650124069,0.7775020678246485,14.222828784119107,179.0,0.6551665491143559,84.71464019851118,6.669456066700072,1.2,0.2255000000000063,0.14726598185569137,5.151333333333531,7.138208333333259,230.99999999999724
cvoi_sf,burst,2035,20160,2015,0.7265525514506234,0.05840570719602978,0.6617038875103392,0.6947890818858561,1.6301075268817204,14.0,0.9986167710606075,84.71464019851118,19.505321031301133,0.05,0.1355000000000087,0.14726598185569137,1.8826666666667058,7.612166666666575,15.777777777777402
b2croi_hq,burst,2035,20160,2015,0.7230223950326744,0.03201509511993383,0.3143093465674111,0.3308519437551696,1.833912324234905,23.0,0.9999995074167035,84.71464019851118,221.63439839809703,0.05,0.05,0.14726598185569137,0.0013333333333321474,7.466333333333256,6.444444444444368
oracle,burst,2035,20160,2015,0.7249850012190122,0.031591191066997516,0.3143093465674111,0.2977667493796526,14.668982630272954,178.0,0.6339941966200613,84.71464019851118,45.998070032131295,1.2,0.05,0.14726598185569137,0.0013333333333321474,7.455916666666581,240.33333333333053
round_robin,severe_burst,2026,2016,2015,1.1250241989026826,0.27417545492142265,3.5732009925558312,2.6633581472291152,2.3085194375516958,26.0,0.9999995074167035,75.93052109181141,0.6571480043569844,0.05,0.9970000000000037,0.2313965343581396,59.99399999999962,28.0897916666663,0.3333333333333333
max_aoi,severe_burst,2026,2016,2015,1.1148823964059347,0.2461021505376344,3.1596360628618694,2.4648469809760134,2.0946236559139786,22.0,0.9999167603113165,75.93052109181141,2.3567375135388473,0.05,0.9970000000000037,0.2313965343581396,51.66066666666626,27.510874999999682,11.77777777777772
channel_aware_rr,severe_burst,2026,2016,2015,1.105177375123799,0.27818961952026466,3.6228287841191067,2.7791563275434243,2.0946236559139786,22.0,0.9999167603113165,75.93052109181141,12.921588513428212,0.05,0.9820000000000036,0.2313965343581396,60.9939999999996,26.556958333332922,11.77777777777772
error_trigger,severe_burst,2026,2016,2015,0.9343115748903305,0.20529363110008272,2.7129859387923903,1.9189412737799834,13.153680727874276,139.0,0.6453741555961726,75.93052109181141,7.207820329337934,1.2,0.9667000000000037,0.2313965343581396,42.660666666666216,16.154749999999837,235.33333333333076
generic_voi,severe_burst,2026,2016,2015,0.9494916903738734,0.21758684863523572,2.795698924731183,2.3821339950372207,12.518610421836229,136.0,0.7109891289482444,75.93052109181141,7.932965757663849,1.2,0.9664000000000037,0.2313965343581396,44.327333333332895,17.10787499999982,202.11111111111282
cvoi_sf,severe_burst,2026,2016,2015,0.9532590362621715,0.19684398263027295,2.514474772539289,2.117452440033085,2.2610421836228287,23.0,0.9985799307869972,75.93052109181141,23.528288431100492,0.05,0.9667000000000037,0.2313965343581396,38.66066666666621,17.279749999999833,14.444444444444514
b2croi_hq,severe_burst,2026,2016,2015,0.9688245205512654,0.1677962158808933,2.034739454094293,2.0678246484698097,2.4726220016542597,23.0,0.9999980296697258,75.93052109181141,245.58304368576643,0.05,0.9455000000000202,0.2313965343581396,28.993999999999602,17.81374999999972,8.222222222222543
oracle,severe_burst,2026,2016,2015,0.971144089164946,0.15577440033085194,1.935483870967742,1.6542597187758479,13.011083540115798,139.0,0.6534438525687047,75.93052109181141,54.43111754547708,1.2,0.8855000000000202,0.2313965343581396,26.9939999999996,18.08899999999971,231.66666666666433
round_robin,severe_burst,2027,4032,2015,1.1893740896476033,0.26802884615384615,3.5070306038047976,2.3655913978494625,3.037551695616212,35.0,0.9999995074167035,69.37965260545906,0.7003281082352508,0.05,0.9967000000000004,0.2949080342498377,58.58266666666626,32.99979166666605,0.3333333333333333
max_aoi,severe_burst,2027,4032,2015,1.170309459498906,0.22279518196856907,2.7129859387923903,2.564102564102564,2.635401157981803,28.0,0.9990015459061291,69.37965260545906,2.3989856123829507,0.05,0.9961000000000004,0.2949080342498377,42.58266666666637,31.911249999999352,16.777777777777615
channel_aware_rr,severe_burst,2027,4032,2015,1.1732245736164526,0.22645006203473944,2.8287841191067,2.3325062034739457,2.635401157981803,28.0,0.9990767664285501,69.37965260545906,13.553409075431489,0.05,0.9964000000000004,0.2949080342498377,44.91599999999958,32.28104166666602,16.77777777777762
error_trigger,severe_burst,2027,4032,2015,0.956811395471469,0.17494571960297767,2.2663358147229116,1.6377171215880892,13.208767576509512,142.0,0.6629775480236118,69.37965260545906,3.9413771148662433,1.2,0.9949000000000006,0.2949080342498377,34.06533333333292,17.600666666666417,223.77777777777624
generic_voi,severe_burst,2027,4032,2015,0.9550889250212169,0.19917287014061208,2.6137303556658398,1.8693134822167081,12.617369727047146,140.0,0.7335439174241534,69.37965260545906,8.750216926797005,1.2,0.9961000000000004,0.2949080342498377,41.06533333333296,17.423583333333085,190.66666666666728
cvoi_sf,severe_burst,2027,4032,2015,0.9535672079151686,0.18369520264681555,2.349048800661704,1.902398676592225,2.8706368899917285,31.0,0.9963172657857845,69.37965260545906,87.8150475960486,0.4988558681564894,0.9961000000000004,0.2949080342498377,35.73199999999961,17.22329166666641,21.222222222222012
b2croi_hq,severe_burst,2027,4032,2015,0.9789270269939205,0.14107475186104218,1.8196856906534327,1.1248966087675765,3.1320099255583127,32.0,0.9998975531203078,69.37965260545906,1223.6313925408665,0.05,0.7204999999999916,0.2949080342498377,25.20933333333299,18.849083333332974,8.666666666666801
oracle,severe_burst,2027,4032,2015,0.9792397153052157,0.14358974358974358,1.8527708850289495,1.1579818031430935,13.069313482216709,142.0,0.664688917450375,69.37965260545906,352.244100745891,1.2,0.7355000000000007,0.2949080342498377,25.875999999999653,18.916791666666324,223.3333333333322
round_robin,severe_burst,2028,6048,2015,1.2632967692450523,0.21157723325062036,2.4648469809760134,2.5806451612903225,2.8360628618693133,26.0,0.9999995074167035,69.72704714640199,7.115902784875555,0.05,0.9799000000000022,0.2916164227918572,38.42266666666624,38.840833333333045,0.3333333333333333
max_aoi,severe_burst,2028,6048,2015,1.199416502830604,0.19251964433416047,2.3325062034739457,2.001654259718776,2.4276261373035566,20.0,0.9979908558624658,69.72704714640199,18.324639130252006,0.05737947100019087,0.9799000000000022,0.2916164227918572,35.75599999999955,33.913749999999496,18.444444444444283
channel_aware_rr,severe_burst,2028,6048,2015,1.2009130050159145,0.19605562448304384,2.3325062034739457,2.2332506203473943,2.4276261373035566,20.0,0.9979908558624658,69.72704714640199,99.95285202356207,0.05737947100019087,0.9796000000000022,0.2916164227918572,35.755999999999595,34.02833333333282,18.444444444444283
error_trigger,severe_burst,2028,6048,2015,1.0404792731273764,0.15571495037220845,1.8527708850289495,1.836228287841191,13.065177832919769,137.0,0.6584912854481004,69.72704714640199,24.339662475260692,1.2,0.7505000000000168,0.2916164227918572,26.089333333332924,22.825208333332988,226.1111111111095
generic_voi,severe_burst,2028,6048,2015,1.0278095425384157,0.15452853598014887,1.8858560794044668,1.6542597187758479,12.684532671629446,137.0,0.718753778337643,69.72704714640199,7.314073944044884,1.2,0.8405000000000169,0.2916164227918572,26.755999999999588,21.934583333332988,196.77777777777735
cvoi_sf,severe_burst,2028,6048,2015,1.0297833750851584,0.15950682382133996,1.9189412737799834,1.8527708850289495,2.627129859387924,30.0,0.9987273081928736,69.72704714640199,19.871047571579933,0.05,0.855500000000017,0.2916164227918572,27.42266666666626,21.965833333333002,21.666666666667364
b2croi_hq,severe_burst,2028,6048,2015,1.046306730333629,0.12484491315136477,1.4392059553349876,1.4226633581472292,2.867328370554177,26.0,0.9999935964549975,69.72704714640199,237.2904540674828,0.05,0.4504999999999653,0.2916164227918572,17.779999999999568,23.12208333333298,8.00000000000029
oracle,severe_burst,2028,6048,2015,1.077432827807094,0.11900072373862697,1.3234077750206783,1.4226633581472292,13.085856079404467,137.0,0.6712845508454162,69.72704714640199,47.598353353971454,1.2,0.36049999999997284,0.2916164227918572,15.44666666666624,25.346041666666245,219.77777777777774
round_robin,severe_burst,2029,8064,2015,1.2493969195525318,0.21954611248966088,2.7129859387923903,2.133995037220844,2.670802315963606,26.0,0.9999995074167035,70.1240694789082,0.6262938348719707,0.05,0.9211000000000104,0.2884489856108622,43.068666666666346,38.00108333333305,0.3333333333333333
max_aoi,severe_burst,2029,8064,2015,1.0970408947199948,0.19011062861869313,2.3986765922249793,1.8196856906534327,2.37601323407775,19.0,0.9998724371377357,70.1240694789082,2.3182604297829177,0.25788115338124157,0.9478000000000157,0.2884489856108622,36.73533333333296,26.16695833333269,12.666666666666721
channel_aware_rr,severe_burst,2029,8064,2015,1.0824976719031185,0.19300299834574028,2.349048800661704,2.249793217535153,2.37601323407775,19.0,0.9999684756473144,70.1240694789082,11.973637681935102,0.05,0.9736000000000062,0.2884489856108622,35.735333333332946,24.980249999999362,12.666666666666721
error_trigger,severe_burst,2029,8064,2015,0.9939716070905957,0.166113523573201,2.001654259718776,2.034739454094293,9.543258891645989,141.0,0.6749893562072222,70.1240694789082,3.3003666464738526,1.2,0.900500000000041,0.2884489856108622,28.735333333332886,19.39691666666624,220.8888888888878
generic_voi,severe_burst,2029,8064,2015,1.0061235070587717,0.15504290736145576,1.8693134822167081,1.8031430934656743,9.12737799834574,137.0,0.7410685653032308,70.1240694789082,6.622206575697098,1.2,0.8105000000000343,0.2884489856108622,26.068666666666353,20.089624999999536,189.2222222222238
cvoi_sf,severe_burst,2029,8064,2015,1.0109844041759233,0.15645678246484698,1.8031430934656743,2.1505376344086025,2.5700578990901572,20.0,0.9999551769071425,70.1240694789082,18.87367156082325,0.09754381941890292,0.7505000000000371,0.2884489856108622,24.73533333333296,20.438583333332865,9.444444444444674
b2croi_hq,severe_burst,2029,8064,2015,1.0164988230833572,0.1251990281224152,1.5053763440860215,1.240694789081886,2.8125723738626967,20.0,0.9999788193564483,70.1240694789082,230.56582878699075,0.05,0.4955000000000351,0.2884489856108622,18.98133333333306,20.954208333332815,7.11111111111136
oracle,severe_burst,2029,8064,2015,1.0153804416123473,0.12110990488006618,1.455748552522746,1.174524400330852,9.498924731182795,139.0,0.6848528887636206,70.1240694789082,46.587063087134275,1.2,0.4505000000000298,0.2884489856108622,17.981333333333037,20.714624999999455,215.88888888888835
round_robin,severe_burst,2030,10080,2015,1.4459858157185996,0.244964846980976,2.6137303556658398,3.688999172870141,2.4484698097601325,26.0,0.9999995074167035,74.68982630272953,0.6233255077608707,0.05,0.9664000000000037,0.24631863575166646,40.618666666666236,54.39487500000004,0.3333333333333333
max_aoi,severe_burst,2030,10080,2015,1.2398181484637891,0.2060251240694789,2.249793217535153,3.1265508684863526,2.1870967741935483,18.0,0.9994796101457806,74.68982630272953,2.512989512144382,0.22821266694974604,0.9664000000000037,0.24631863575166646,33.28533333333289,36.92012499999955,14.111111111110814
channel_aware_rr,severe_burst,2030,10080,2015,1.2501617464442454,0.22293992969396195,2.531017369727047,3.110008271298594,2.1870967741935483,18.0,0.9994796101457806,74.68982630272953,11.72646693827552,0.22821266694974604,0.9574000000000047,0.24631863575166646,38.95199999999954,37.51499999999957,14.11111111111081
error_trigger,severe_burst,2030,10080,2015,1.0714442648296179,0.15280190239867658,1.555004135649297,2.7460711331679075,9.720099255583127,139.0,0.678455599797544,74.68982630272953,3.3367797703466033,1.2,0.7205000000000474,0.24631863575166646,19.28533333333294,25.244958333332914,216.55555555555512
generic_voi,severe_burst,2030,10080,2015,1.0789490046115493,0.15731751447477255,1.6046319272125724,2.8453267162944584,9.445988420181969,138.0,0.7349021720223767,74.68982630272953,6.549310695412326,1.2,0.7955000000000454,0.24631863575166646,20.285333333333,25.343916666666214,189.2222222222223
cvoi_sf,severe_burst,2030,10080,2015,1.0933017420524458,0.15478184449958643,1.621174524400331,2.5806451612903225,2.351861042183623,20.0,0.9985298323767898,74.68982630272953,18.88924873972464,0.06250565456950051,0.7805000000000439,0.24631863575166646,20.618666666666346,26.208499999999564,19.333333333332728
b2croi_hq,severe_burst,2030,10080,2015,1.1027678986254188,0.13142059553349875,1.3068651778329199,2.2663358147229116,2.54110835401158,19.0,0.9999995074167035,74.68982630272953,236.30503021633004,0.05,0.5404999999999952,0.24631863575166646,14.28533333333298,26.661624999999553,7.888888888889074
oracle,severe_burst,2030,10080,2015,1.1041336758654117,0.11538461538461539,1.0421836228287842,2.2332506203473943,9.732506203473946,139.0,0.6911643618633916,74.68982630272953,48.934814912179206,1.2,0.3304999999999662,0.24631863575166646,8.951999999999842,27.349124999999578,209.88888888888823
round_robin,severe_burst,2031,12096,2015,0.9718678934878748,0.14136424731182795,1.6542597187758479,1.8196856906534327,2.327874276261373,23.0,0.9999995074167035,74.59057071960298,0.7224496914462069,0.05,0.9889000000000012,0.24043266758146734,21.339333333333112,17.849749999999737,0.3333333333333333
max_aoi,severe_burst,2031,12096,2015,0.9294018808339306,0.13956523986765923,1.6377171215880892,1.8527708850289495,2.102398676592225,19.0,0.9967340357709494,74.59057071960298,2.584006440468715,0.05,0.9889000000000012,0.24043266758146734,21.52799999999975,15.533916666666455,23.555555555556086
channel_aware_rr,severe_burst,2031,12096,2015,0.9303440963115731,0.14207247725392888,1.7038875103391231,1.7535153019023988,2.102398676592225,19.0,0.9967340357709494,74.59057071960298,13.802646053839409,0.05,0.9889000000000012,0.24043266758146734,22.339333333333055,15.282041666666444,23.555555555556094
error_trigger,severe_burst,2031,12096,2015,0.8060993059269248,0.07795698924731183,0.8602150537634409,1.0752688172043012,10.827626137303557,145.0,0.6419657927087162,74.59057071960298,3.891881335342982,1.2,0.27050000000000485,0.24043266758146734,7.257333333333222,8.903708333333427,234.44444444444275
generic_voi,severe_burst,2031,12096,2015,0.8098467225134494,0.07933209263854425,0.8933002481389578,1.0256410256410255,10.60760959470637,146.0,0.7007007136569183,74.59057071960298,7.206681871263278,1.2,0.3154999999999848,0.24043266758146734,7.590666666666462,9.179750000000153,206.44444444444534
cvoi_sf,severe_burst,2031,12096,2015,0.8201322167033652,0.08846929280397023,1.0090984284532674,1.1579818031430935,2.2742762613730356,21.0,0.9984576405687745,74.59057071960298,19.673298883757948,0.05,0.45049999999998197,0.24043266758146734,8.923999999999817,9.59120833333353,19.88888888888887
b2croi_hq,severe_burst,2031,12096,2015,0.8113737360487314,0.05504290736145575,0.5459057071960298,0.7940446650124069,2.544251447477254,24.0,0.9999980296697258,74.59057071960298,257.8650873325414,0.05,0.10160000000000041,0.24043266758146734,1.5319999999999994,9.231833333333505,6.777777777777867
oracle,severe_burst,2031,12096,2015,0.8149635302216964,0.05183260959470637,0.49627791563275436,0.7775020678246485,10.836062861869314,145.0,0.6534962283607763,74.59057071960298,50.74526008106445,1.2,0.10160000000000041,0.24043266758146734,1.5319999999999994,9.263083333333514,229.11111111110895
round_robin,severe_burst,2032,14112,2015,1.2712210616586501,0.22665167493796526,2.729528535980149,2.4979321753515302,2.9710504549214227,26.0,0.9999995074167035,67.99007444168734,0.6716511038677402,0.05,0.9646000000000039,0.3124141576389823,43.42599999999971,39.56604166666643,0.3333333333333333
max_aoi,severe_burst,2032,14112,2015,1.1548702066807806,0.20655500413564928,2.431761786600496,2.6468155500413566,2.660215053763441,22.0,0.9987980648006906,67.99007444168734,2.8258556353908135,0.05,0.9649000000000039,0.3124141576389823,37.42599999999973,30.607708333332745,18.777777777777867
channel_aware_rr,severe_burst,2032,14112,2015,1.165024654264602,0.20417183622828783,2.431761786600496,2.4648469809760134,2.660215053763441,22.0,0.9987980648006906,67.99007444168734,13.881443234053082,0.05,0.9646000000000039,0.3124141576389823,37.42599999999974,31.316833333332774,18.777777777777867
error_trigger,severe_burst,2032,14112,2015,1.0259362081608503,0.15966708023159637,1.902398676592225,1.935483870967742,13.635401157981804,148.0,0.6452701537612636,67.99007444168734,3.245723641491391,1.2,0.9223000000000136,0.3124141576389823,26.94533333333303,21.74391666666629,233.44444444444306
generic_voi,severe_burst,2032,14112,2015,1.0260315828895614,0.14131772125723738,1.5715467328370554,2.034739454094293,13.179487179487179,148.0,0.6945160731363583,67.99007444168734,6.877086443795358,1.2,0.7204999999999987,0.3124141576389823,20.27866666666634,21.8109166666663,207.77777777777774
cvoi_sf,severe_burst,2032,14112,2015,1.0350843905523384,0.14209315550041357,1.5384615384615385,2.2001654259718775,2.8481389578163774,23.0,0.9967384401318666,67.99007444168734,19.83060311582679,0.20770318903967552,0.5854999999999931,0.3124141576389823,19.61199999999976,22.332458333332944,25.33333333333378
b2croi_hq,severe_burst,2032,14112,2015,1.0395705001893942,0.11102409015715467,1.108354011579818,1.836228287841191,3.07808105872622,30.0,0.9999995074167035,67.99007444168734,229.14576428759239,0.05,0.31549999999999506,0.3124141576389823,11.583333333333252,22.762458333332955,7.000000000000049
oracle,severe_burst,2032,14112,2015,1.0365759868497524,0.10885287427626138,1.108354011579818,1.7038875103391231,13.744747725392887,148.0,0.6498993912252757,67.99007444168734,47.29321890521596,1.2,0.31549999999999506,0.3124141576389823,11.583333333333252,22.353291666666287,230.44444444444244
round_robin,severe_burst,2033,16128,2015,1.2046143944351302,0.17186466087675764,2.1505376344086025,1.3399503722084367,3.1452440033085196,47.0,0.9999995074167035,69.42928039702232,0.8665623632086344,0.05,0.9595000000000045,0.29529990831845243,31.56133333333308,33.8028749999996,0.3333333333333333
max_aoi,severe_burst,2033,16128,2015,1.0473956473870711,0.12821546732837055,1.3895781637717122,1.8196856906534327,2.659718775847808,26.0,0.9980350123727361,69.42928039702232,2.33717971780654,0.05,0.5855000000000334,0.29529990831845243,16.59066666666636,23.349749999999666,19.777777777777622
channel_aware_rr,severe_burst,2033,16128,2015,1.1713763416981238,0.13842018196856906,1.5715467328370554,1.488833746898263,2.659718775847808,26.0,0.9980350123727361,69.42928039702232,11.916530983541021,0.05,0.6905000000000285,0.29529990831845243,19.89466666666638,31.912249999999666,19.777777777777622
error_trigger,severe_burst,2033,16128,2015,0.9183546348623465,0.08467224979321754,1.0256410256410255,0.6286186931348222,18.80132340777502,205.0,0.6136628852920564,69.42928039702232,3.4021890766123684,1.2,0.2854999999999721,0.29529990831845243,8.921333333333024,16.160083333333013,249.77777777777496
generic_voi,severe_burst,2033,16128,2015,0.9337635834730639,0.08813844086021505,1.0256410256410255,0.8436724565756825,18.351695616211746,209.0,0.6547475354394717,69.42928039702232,6.67037322011455,1.2,0.3004999999999742,0.29529990831845243,10.587999999999695,16.482999999999663,228.9999999999994
cvoi_sf,severe_burst,2033,16128,2015,0.9477110099058015,0.09049317617866005,1.0752688172043012,0.7775020678246485,2.798842018196857,32.0,0.9999522216795853,69.42928039702232,18.742062461535877,0.05,0.315499999999974,0.29529990831845243,11.25466666666636,17.274666666666356,13.88888888888898
b2croi_hq,severe_burst,2033,16128,2015,0.9132728651954377,0.06576974772539289,0.727874276261373,0.5789909015715468,3.1062034739454094,46.0,0.9999980296697258,69.42928039702232,234.3437116280852,0.05,0.0644000000000068,0.29529990831845243,5.921333333333015,15.717374999999677,14.888888888888594
oracle,severe_burst,2033,16128,2015,0.9255146659166654,0.0661729735318445,0.727874276261373,0.5789909015715468,18.64979321753515,205.0,0.6228899047875027,69.42928039702232,46.69439108815811,1.2,0.0644000000000068,0.29529990831845243,5.921333333333015,16.326749999999684,244.7777777777757
round_robin,severe_burst,2034,18144,2015,1.2551773832169688,0.1619933829611249,1.836228287841191,1.8031430934656743,2.9248966087675763,41.0,0.9999995074167035,71.21588089330024,0.6346734162366882,0.05,0.9451000000000144,0.2826051134775163,25.14399999999957,37.8394583333329,0.3333333333333333
max_aoi,severe_burst,2034,18144,2015,1.1991560825027883,0.1268481182795699,1.3730355665839538,1.455748552522746,2.6360628618693136,32.0,0.9994013769806311,71.21588089330024,2.3093066724518745,0.08647936776921229,0.5404999999999818,0.2826051134775163,15.810666666666233,33.52254166666621,17.33333333333321
channel_aware_rr,severe_burst,2034,18144,2015,1.2217226426357193,0.13734232837055418,1.4392059553349876,1.836228287841191,2.6360628618693136,32.0,0.9994235171998395,71.21588089330024,11.767794980543895,0.05041280643924399,0.7055000000000057,0.2826051134775163,17.20999999999963,35.16758333333286,17.33333333333321
error_trigger,severe_burst,2034,18144,2015,1.0517450212877446,0.11484698097601323,1.240694789081886,1.5384615384615385,17.76906534325889,182.0,0.6486870486902121,71.21588089330024,3.2510735393818417,1.2,0.5254999999999695,0.2826051134775163,13.209999999999711,22.84024999999955,229.99999999999667
generic_voi,severe_burst,2034,18144,2015,1.0517801888830254,0.10041356492969396,1.141439205955335,0.9760132340777503,17.799669148056246,183.0,0.7213664909010701,71.21588089330024,6.767020339236385,1.2,0.40549999999995706,0.2826051134775163,11.209999999999587,22.75691666666622,196.9999999999985
cvoi_sf,severe_burst,2034,18144,2015,1.069873100264216,0.09803556658395368,1.108354011579818,0.9098428453267163,2.8372208436724566,34.0,0.9941962723623611,71.21588089330024,18.756614416484112,0.19246831517929797,0.3754999999999655,0.2826051134775163,10.54333333333321,23.96524999999952,26.88888888888943
b2croi_hq,severe_burst,2034,18144,2015,1.0651025628553155,0.07409532671629446,0.7444168734491315,0.7775020678246485,3.1607940446650122,39.0,0.9999758639891457,71.21588089330024,229.32507944332028,0.05,0.10550000000000503,0.2826051134775163,3.600666666666599,23.725666666666193,11.444444444444107
oracle,severe_burst,2034,18144,2015,1.0925749416202162,0.07155448717948718,0.727874276261373,0.6120760959470637,17.797684036393715,178.0,0.6450198253173409,71.21588089330024,46.177028236239366,1.2,0.09170000000000261,0.2826051134775163,3.600666666666599,25.605874999999493,233.6666666666638
round_robin,severe_burst,2035,20160,2015,1.0820595407069105,0.13850031017369727,1.52191894127378,1.9189412737799834,2.650951199338296,29.0,0.9999995074167035,71.46401985111662,0.7443467671312761,0.05,0.7355000000000381,0.27207343726605077,18.618666666666215,24.9881249999995,0.3333333333333333
max_aoi,severe_burst,2035,20160,2015,1.0780341402963896,0.13083385028949546,1.3730355665839538,2.0181968569065347,2.3257237386269645,21.0,0.9992523250402447,71.46401985111662,2.4254649778465205,0.5762461993768117,0.7205000000000376,0.27207343726605077,15.804666666666364,24.540208333332824,13.666666666666243
channel_aware_rr,severe_burst,2035,20160,2015,1.0761473489118327,0.1330154052936311,1.4722911497105047,1.770057899090157,2.3257237386269645,21.0,0.9992523250402447,71.46401985111662,11.957211028663188,0.5762461993768117,0.7805000000000403,0.27207343726605077,17.618666666666414,24.43604166666615,13.666666666666245
error_trigger,severe_burst,2035,20160,2015,0.94374634104739,0.082508788254756,0.8271298593879239,1.2572373862696444,15.522084367245657,176.0,0.6500342369749403,71.46401985111662,3.2525042309679977,1.2,0.30049999999995797,0.27207343726605077,4.618666666666495,16.16520833333286,233.5555555555543
generic_voi,severe_burst,2035,20160,2015,0.9360677347798819,0.09364402398676593,0.9925558312655087,1.3564929693961951,15.564102564102564,185.0,0.6925323395533277,71.46401985111662,6.55926555229314,1.2,0.4054999999999575,0.27207343726605077,7.951999999999719,15.602708333332863,212.99999999999977
cvoi_sf,severe_burst,2035,20160,2015,0.9624645865550082,0.08942566170388751,0.9263854425144747,1.2903225806451613,2.48833746898263,21.0,0.9942517800650832,71.46401985111662,18.714534029365744,0.3455076563176374,0.36049999999995647,0.27207343726605077,6.618666666666388,17.102708333332867,28.777777777777995
b2croi_hq,severe_burst,2035,20160,2015,0.9439817005656886,0.06629445822994211,0.6286186931348222,0.9760132340777503,2.7459057071960298,23.0,0.9999995074167035,71.46401985111662,233.7224383628465,0.05,0.12049999999998529,0.27207343726605077,0.6186666666667546,15.993333333332854,10.777777777778146
oracle,severe_burst,2035,20160,2015,0.952244531228185,0.06362954921422663,0.5789909015715468,0.9760132340777503,15.594871794871795,178.0,0.6586848544460143,71.46401985111662,46.372349801815346,1.2,0.0904999999999909,0.27207343726605077,0.0013333333333321474,16.623541666666195,228.88888888888755
