N,heterogeneity,bw,network,policy,n_windows,rmse_mean_mean,rmse_mean_ci95,loss_mean_mean,loss_mean_ci95,missed_violation_pct_mean,missed_violation_pct_ci95,choice_fairness_mean,choice_fairness_ci95,avg_aoi_mean,avg_aoi_ci95
3,high,1,burst,ar1_growth_voi,21,0.45269191361275174,0.01905617989169938,0.09585157795428634,0.01607713257676961,1.1997321674741028,0.23521394823462569,0.603821464062826,0.010864227502662027,4.4413328606877,0.20399293589527134
3,high,1,burst,b2croi_hq,21,0.3753923919986341,0.02371624684684701,0.02728453655474375,0.005177621891357369,0.3111583756745048,0.0684749323069577,0.9568362454106859,0.012910895740278679,5.310094922998149,0.5942274907580658
3,high,1,burst,cvoi_sf,21,0.41409097521226895,0.017459774968050772,0.07780521605288475,0.01423225766166035,0.9610461223364452,0.19509219450932502,0.9926400205122556,0.001809943350882523,1.6326283035960456,0.039665409213228205
3,high,1,burst,error_trigger,21,0.35921113768120055,0.01937195333722179,0.06989790037613648,0.013056103955115,0.8420969711292294,0.18301746807820757,0.948156060143368,0.016094977079381956,6.072165110874788,0.7195744033494929
3,high,1,burst,generic_voi,21,0.35677748806756077,0.019187112999636616,0.0691907104584172,0.012348704715452486,0.852337626531175,0.17211694169108094,0.9488186116721495,0.01582891717279139,5.418118082634211,0.5587429012227235
3,high,1,burst,oracle,21,0.38796418025202556,0.028250662916312334,0.020428561574056106,0.0032280751133506678,0.22293119067312617,0.04165588168220878,0.9406401484168256,0.01523901279722094,5.957973925715861,0.7349413951028119
3,high,1,severe_burst,ar1_growth_voi,21,0.7151415333751935,0.0475372167843314,0.13584606793715193,0.020029751225307278,1.6763165150261923,0.29315785725388016,0.6225281099164012,0.012574420856257776,5.439536807278743,0.2289851069436236
3,high,1,severe_burst,b2croi_hq,21,0.6533122632417636,0.04680470455860927,0.07046818184470818,0.010232799978916901,0.8113750049233921,0.13108526775688756,0.9727787421023787,0.008618636499023459,6.294718185040766,0.6573764406980057
3,high,1,severe_burst,cvoi_sf,21,0.6737705839597905,0.04664225490987662,0.11953830083400134,0.017611946417548496,1.4305407853794951,0.2341366791202608,0.9927587966768249,0.0014646628568310085,2.6329512781125683,0.09944674349718798
3,high,1,severe_burst,error_trigger,21,0.6318239181697483,0.04718021003841341,0.11139888845157135,0.01532037534704675,1.3525542557800623,0.20326075550883035,0.955465395496034,0.014614204093242746,7.458434755208949,0.8359451004199877
3,high,1,severe_burst,generic_voi,21,0.6320282796089997,0.0475000192495248,0.11007364734094464,0.015059760054829462,1.3320729449761708,0.20186087827895058,0.9564796572501043,0.0139478338128537,6.6480523061168215,0.6547587634854011
3,high,1,severe_burst,oracle,21,0.6626197588787823,0.05046009538086059,0.05791569264547648,0.007581960547414619,0.634920634920635,0.08804453108311609,0.9477993738307587,0.01418881196359274,7.3590295009649855,0.8654704462508875
3,low,1,burst,ar1_growth_voi,21,0.42049537951340976,0.018117618443073195,0.06750904651431797,0.01399607532841704,0.894875733585411,0.2037773080524563,0.6411725733078908,0.01281076137118716,3.77670644767419,0.1437333084636673
3,low,1,burst,b2croi_hq,21,0.3488364130138601,0.021782986582974624,0.0166380435295117,0.0031432307448874823,0.19536019536019533,0.0438798882490785,0.9766754273555984,0.006394408055981362,8.695758005435424,0.8001405913512074
3,low,1,burst,cvoi_sf,21,0.39779297378761375,0.015429213404568414,0.047011690262196114,0.007634968061738336,0.5782031588483202,0.10719795859438501,0.9963579781742262,0.0011134735415113237,1.6224742998936548,0.04122773440692589
3,low,1,burst,error_trigger,21,0.3391429985589636,0.019585378639831702,0.0362475237883174,0.006654417104703721,0.46949466304305015,0.0987891131020154,0.969503277416665,0.008693391327550622,9.55439757375241,0.9637681381480687
3,low,1,burst,generic_voi,21,0.3369217991502749,0.01968329436873234,0.03536463388577877,0.0063795842824018465,0.4576785221946511,0.09472388670088419,0.9716040098816641,0.007738548726578618,8.282350624286108,0.7434344130503233
3,low,1,burst,oracle,21,0.3518136842248582,0.02569128906743658,0.014614288422170062,0.002618624064525099,0.1654259718775848,0.03621602359661195,0.9691808213824238,0.008774023244131514,9.555145929339478,0.9549372674966021
3,low,1,severe_burst,ar1_growth_voi,21,0.6774297031709517,0.04681192936644085,0.10528116653472955,0.0171699361440762,1.3541297412265154,0.2416664836581297,0.6589990550366478,0.01496892523143061,4.7807869549805035,0.18599273393160726
3,low,1,severe_burst,b2croi_hq,21,0.6220138934323501,0.04841992383382542,0.055833380545537846,0.0070008888446469,0.6766709992516444,0.08439914269327944,0.9834250705416839,0.00487173610851349,9.44144314466895,0.9080178277974442
3,low,1,severe_burst,cvoi_sf,21,0.6511918932728147,0.04387288754842808,0.0838736137429723,0.011174865983843905,1.0217023120248925,0.14766899073764606,0.9963637137439502,0.0009024581213628392,2.6261136712749615,0.10139155641489345
3,low,1,severe_burst,error_trigger,21,0.6023854701606135,0.04517103121343574,0.07664884536705573,0.011963167692327347,0.9760132340777501,0.16904101860355536,0.9688145523564567,0.009225542905038523,10.89408011343495,0.980014532073581
3,low,1,severe_burst,generic_voi,21,0.6033490107808565,0.046593290157874646,0.07535575862050045,0.01135003469397981,0.9523809523809526,0.15921302325370454,0.9699807551567945,0.008839735622751173,9.86524872976486,0.9165023952548271
3,low,1,severe_burst,oracle,21,0.6194109660815431,0.04979876661806743,0.04929300362480633,0.0065400432487364175,0.5829296151876797,0.08296337800916606,0.9685349998312437,0.008941127989784633,10.888132655874593,0.9814972292819666
3,medium,1,burst,ar1_growth_voi,21,0.4332921544374157,0.018346764657134574,0.07321253585532715,0.014890134618619856,0.97601323407775,0.2217656591649715,0.6267455216966424,0.012362718341347102,3.9897829768797513,0.1730767144367216
3,medium,1,burst,b2croi_hq,21,0.3532097634203923,0.021533616767928365,0.016547598253949417,0.0031251517685640918,0.19299696719051557,0.04357733051467376,0.9829318207074023,0.009312868634987615,6.537445350348575,0.6261189180945028
3,medium,1,burst,cvoi_sf,21,0.4065902508921352,0.01568397376703041,0.04792168476170812,0.00787501709840358,0.5876560715270392,0.11317563323675814,0.994866390928009,0.0015063163864289415,1.6260979164204972,0.0410508969519649
3,medium,1,burst,error_trigger,21,0.3467025546729483,0.019531434938143934,0.03683660982353215,0.0075774739917654965,0.4726456339359565,0.11810960272818644,0.9760835002034985,0.011551220246677084,7.381354129741226,0.7535302676391673
3,medium,1,burst,generic_voi,21,0.3442441386516652,0.019495703278101992,0.03692819748255307,0.007107855008981579,0.47658434755208956,0.109579864191885,0.9767305700611286,0.011146033037118705,6.375792666115247,0.569215320533771
3,medium,1,burst,oracle,21,0.3579875843716537,0.025814748954971208,0.014707083881875934,0.002832467750331256,0.1654259718775848,0.03829869085663719,0.9761006863906342,0.011660895061045898,7.39961400606562,0.7569060915400542
3,medium,1,severe_burst,ar1_growth_voi,21,0.6931473428860953,0.047139497585920336,0.10965639767488926,0.014855355654046491,1.3872149356020327,0.20195592178221983,0.6473601868243906,0.014565226800593791,5.025491354523614,0.19996306888059018
3,medium,1,severe_burst,b2croi_hq,21,0.6288243355471569,0.04708572874812921,0.053935151402355754,0.007463920990559444,0.644373547599354,0.09218323917595739,0.9878334561233402,0.00671419200310114,7.73564929693962,0.7353741533232944
3,medium,1,severe_burst,cvoi_sf,21,0.6622623252815124,0.04519764118072521,0.08247358810661296,0.010539577228816809,0.9657725786758046,0.1336382132420432,0.9950742555550958,0.0012089421350993741,2.6277049115758793,0.09926093764682731
3,medium,1,severe_burst,error_trigger,21,0.6148369278021927,0.0480692952893156,0.07322510070602364,0.011595882039080659,0.9074796171570367,0.16371968104581142,0.9777029257212881,0.01031527306999304,8.832612548741581,0.8999093403766949
3,medium,1,severe_burst,generic_voi,21,0.6127216268196337,0.047029979139410746,0.07409470069452169,0.011499370647671174,0.9224467288983418,0.16056456890309737,0.977640813134,0.01074122688729729,7.720099255583126,0.7574274854005363
3,medium,1,severe_burst,oracle,21,0.6316633614651028,0.053549478168816514,0.04704945052496303,0.00787814986012751,0.5333018236244043,0.09813906219029608,0.9779496579976014,0.010745003507814804,8.85965575642995,0.8958824017900836
6,high,2,burst,ar1_growth_voi,21,0.3747676890395413,0.014645426393724341,0.06323343347981736,0.011612908715989188,0.8507621410847216,0.1698692603518055,0.6568363421018583,0.010648684058997604,3.5197723423529874,0.12243226699129563
6,high,2,burst,b2croi_hq,21,0.3121729727023432,0.016355069578605504,0.014814194762548487,0.0013776191743769164,0.1673953286856513,0.016925734993087915,0.9989943498871119,0.0005379529574011375,2.645547284256961,0.07304162222823318
6,high,2,burst,cvoi_sf,21,0.3543017872549814,0.013936133448280718,0.04439906966575946,0.005808259256738649,0.5462995785576431,0.07918014295755707,0.9941292135317329,0.0012449733411121098,1.5589034621292686,0.022457337945011827
6,high,2,burst,error_trigger,21,0.2739155995470646,0.01560961743181891,0.032555050327368634,0.006786779578605284,0.4226239710110678,0.09920629845850354,0.9891482600944661,0.003528487194543944,8.961085509472607,1.2798931214935956
6,high,2,burst,generic_voi,21,0.27421024590141746,0.015642891148559535,0.03229161638140653,0.006026651835959384,0.4178975146717082,0.08864458063013587,0.988894265514169,0.003483306623178504,7.290803103706328,0.9855730882917557
6,high,2,burst,oracle,21,0.27811649392341037,0.01594864807055739,0.014349217388609151,0.0013108620287290071,0.16778920004726458,0.017227614582955585,0.9895106352352426,0.0034510569976975913,9.029800307219663,1.317408429689545
6,high,2,severe_burst,ar1_growth_voi,21,0.5516136217222328,0.023608680321558204,0.09124733569196068,0.01384460236401069,1.1926424829650635,0.2054379966655014,0.677786344372391,0.011828714469458513,4.250797589507267,0.1412169192274097
6,high,2,severe_burst,b2croi_hq,21,0.505893821837907,0.025178930656815455,0.04275609558327202,0.0038968637376076715,0.5053369569498601,0.0558227838901301,0.9991085444912351,0.0003366163666489335,3.3116507148765217,0.09328487870835728
6,high,2,severe_burst,cvoi_sf,21,0.5310758679159268,0.022794988243291646,0.0730277526314547,0.006586297351598057,0.8850289495450787,0.08937839370994827,0.9947691369769439,0.0009878674985974835,2.269415888770727,0.05528264431130537
6,high,2,severe_burst,error_trigger,21,0.45882318367846425,0.02349934706343489,0.059141801609692214,0.008012824991000362,0.7471739729804246,0.11470711059201882,0.9902993422238546,0.002955293856053069,10.181082358501712,1.3675520280933224
6,high,2,severe_burst,generic_voi,21,0.45932148775493886,0.023405231911192058,0.05901509346980315,0.007459557119282556,0.7483555870652646,0.10903683026677007,0.9896287599470756,0.0031146776205869813,8.902107211784632,1.2284385877685864
6,high,2,severe_burst,oracle,21,0.4621754732611201,0.02300587318742703,0.041501119378226495,0.003952377608893959,0.5045492142266336,0.05783884375895658,0.9905970828782219,0.0028885853836512296,10.213911536492182,1.3767586172429154
6,low,2,burst,ar1_growth_voi,21,0.3573964864333086,0.014436005292796318,0.05942624369429622,0.012613272095972673,0.8062546772224192,0.17960758581019443,0.6748923546722205,0.011692406399916406,3.386509905864744,0.11662507303838891
6,low,2,burst,b2croi_hq,21,0.29639682539563483,0.016928415448070954,0.01409610105172014,0.0018482719532885218,0.16581984323919807,0.025935805360591244,0.9994697494109515,0.0001285031729695512,2.7054078537949504,0.06815673942498689
6,low,2,burst,cvoi_sf,21,0.34212374390353567,0.014271564813507135,0.041035680124623046,0.006390760300076959,0.5147898696285793,0.08648124972074275,0.997182594094996,0.0007876989630963049,1.5618417424869038,0.024921416117571697
6,low,2,burst,error_trigger,21,0.25867637288070483,0.016579740312555543,0.027854443733534497,0.006454314292809508,0.36945133719327267,0.08924059556356355,0.9570544578342838,0.007979956076223252,13.909464728819566,1.7457531482177324
6,low,2,burst,generic_voi,21,0.2576941990636995,0.01636234301606685,0.02764652042417444,0.006017260050702389,0.3690574658316593,0.08289438797359609,0.9596928611945152,0.0078036443699237325,12.13165544133286,1.3896979354227776
6,low,2,burst,oracle,21,0.2592888086217413,0.016586897101390122,0.013558134139796769,0.0018046159004747092,0.1658198432391981,0.02612811160857858,0.9569973227444599,0.007962241508643142,13.819047619047621,1.7610159572326396
6,low,2,severe_burst,ar1_growth_voi,21,0.5356811841619842,0.022812294444153707,0.0857940794413756,0.014357650118494157,1.130804679191776,0.20653929125862933,0.6951369111175072,0.012396915100766228,4.106124699673087,0.12711107492946716
6,low,2,severe_burst,b2croi_hq,21,0.49139069414250325,0.024231983067513792,0.03862750807905753,0.004323500422889096,0.45295206585529163,0.061048574180270196,0.9995502861566085,0.00019559924483599698,3.371381306865178,0.0994568043141216
6,low,2,severe_burst,cvoi_sf,21,0.5162157685018374,0.02250036740635685,0.06799667984853601,0.008497611248685635,0.831068573004057,0.11602672052835611,0.9974651748755654,0.0006808705292106552,2.274299893654732,0.0551189065571897
6,low,2,severe_burst,error_trigger,21,0.44408858097753023,0.02357636760071433,0.05306152211209591,0.00968196306740409,0.6695813147426051,0.13290371494992106,0.9636312432695675,0.007306066663421468,15.369695537437476,1.7747156640864554
6,low,2,severe_burst,generic_voi,21,0.4437627213875929,0.02349095438418762,0.05354954947211039,0.009540293045765383,0.6739138997203513,0.13125564680465596,0.9657373346014828,0.007068031513349871,13.442467210209148,1.5920389166846958
6,low,2,severe_burst,oracle,21,0.4469557129988885,0.023424538388907356,0.03679956534056471,0.0041832777300276295,0.44271141045334594,0.06102514052544473,0.9631405427843963,0.007426959759206653,15.377962897317735,1.8115365044870644
6,medium,2,burst,ar1_growth_voi,21,0.36419427962803524,0.014695019990157484,0.0583155778442394,0.01158254263204088,0.7999527354366065,0.1730548177644642,0.6692890475652225,0.012108996117453225,3.4200047264563387,0.1160880138606365
6,medium,2,burst,b2croi_hq,21,0.3035260546740084,0.016769547030643418,0.013648299787760023,0.0016308588258128248,0.15873015873015872,0.022223330507548506,0.9996454027724762,0.00012222511816226543,2.6525069912166686,0.07510562702305756
6,medium,2,burst,cvoi_sf,21,0.34746123065081236,0.014867849716471376,0.04098801247346874,0.006073644553833614,0.5073063137579267,0.08717619812964097,0.9963252067539775,0.0010789610396904033,1.5571192248611605,0.02377378437126686
6,medium,2,burst,error_trigger,21,0.26365250909371,0.016273858648456364,0.03129537086598891,0.007547518596303965,0.4206546142030013,0.11130689109542599,0.9866601569452459,0.0037804475530193505,10.725554373941472,1.4622484678297964
6,medium,2,burst,generic_voi,21,0.2632666905275636,0.015830102882814452,0.030270913151624973,0.006855178078782473,0.4021426602071764,0.0982846979978448,0.9877636041425937,0.0035549547286013645,9.057859703020993,1.2389345567500945
6,medium,2,burst,oracle,21,0.2648273639493836,0.01630416612760621,0.013210342525998545,0.0015643130305283374,0.16030564417661192,0.021850120764176577,0.9868749204047266,0.0037323421492128353,10.709976761589665,1.465254570135713
6,medium,2,severe_burst,ar1_growth_voi,21,0.5432573564230565,0.023223985584229962,0.08500907561443849,0.014300344650611415,1.118594666981764,0.20993130997656623,0.6915872222047283,0.012002477685813263,4.1392847296073105,0.13164078912948385
6,medium,2,severe_burst,b2croi_hq,21,0.4952697593353021,0.024163650606082044,0.03796083368501436,0.003481644921350559,0.4403481822836661,0.0496526849921827,0.9996309884323163,0.00014783452977029584,3.3250187088896763,0.09771831645896091
6,medium,2,severe_burst,cvoi_sf,21,0.5211683228855666,0.022188180801317264,0.06817749608528646,0.007930981585804698,0.8212217889637246,0.11040290252158619,0.9967576478445623,0.0008398109123316672,2.2684745362164715,0.05540243440292095
6,medium,2,severe_burst,error_trigger,21,0.44903425721929535,0.023594828268287706,0.0570066801521991,0.010178359963043851,0.7223600771987869,0.14353764570977004,0.9873605124348357,0.0033372866719775535,12.064701248572215,1.4900030120282224
6,medium,2,severe_burst,generic_voi,21,0.44852086335330005,0.02363996809718188,0.054741835697472464,0.009174961276316798,0.6865177832919768,0.12850641865544232,0.9889855714548406,0.003044191414126674,10.457241324983258,1.3354267219685358
6,medium,2,severe_burst,oracle,21,0.4508984734983099,0.023450297587673325,0.036179801254221836,0.0033652512637037607,0.4316830123281735,0.05021304875966463,0.9872246730787898,0.003658237449504125,11.955315294024972,1.5037125517992018
9,high,3,burst,ar1_growth_voi,21,0.35501515649434884,0.012579427321656116,0.07179551743574863,0.008159510210385124,0.983628080402274,0.11838087095031545,0.6320444640686252,0.01150214567231268,3.7312248086441637,0.1366284338676003
9,high,3,burst,b2croi_hq,21,0.3025835813565008,0.016490086100326068,0.01737527020325102,0.0013430346504236439,0.20402536531568785,0.019476954576005585,0.9995318702508224,0.00019173248219493317,2.6136568330116714,0.0658800523612036
9,high,3,burst,cvoi_sf,21,0.3319553455057359,0.012849414075622685,0.057544831384541896,0.006126932785757519,0.7205220108445916,0.08127402505444488,0.9945088457922292,0.001014503616950447,1.5380387832000735,0.02114497204569519
9,high,3,burst,error_trigger,21,0.2518859333403509,0.014272763529876605,0.04144615999357403,0.005612340450908508,0.5490566780889361,0.07712773129166203,0.9860303618396224,0.0036827128551788295,9.212525109299305,1.3344865517086806
9,high,3,burst,generic_voi,21,0.25152540475839663,0.0141162981090426,0.04179166504715292,0.005192281004441274,0.5508947444431316,0.07039092084991927,0.9856786027735321,0.0038397253534493006,7.686620189845996,1.070282662935736
9,high,3,burst,oracle,21,0.25554565754785674,0.013796034187608509,0.016568544055190097,0.001248212876405272,0.2035002035002035,0.019346645099376496,0.9845374725844788,0.0042590038012590885,9.425853716176297,1.3527115610685352
9,high,3,severe_burst,ar1_growth_voi,21,0.5038606523876827,0.021840978052606316,0.09842532807486938,0.011382264360518026,1.305552273294209,0.16528747237568994,0.6620046459029462,0.012254694294099823,4.322893116441503,0.1378027913735755
9,high,3,severe_burst,b2croi_hq,21,0.4638102235777738,0.02386854763923886,0.04322319233367732,0.00356227944141226,0.5136082555437395,0.047494092412628565,0.9994937269830748,0.00018307653704894476,3.1884779497682727,0.0732751146605327
9,high,3,severe_burst,cvoi_sf,21,0.4809265489278241,0.021212153613658517,0.08431043227963926,0.007246641256053555,1.0463849173526594,0.0970727123386653,0.9948671147983006,0.0010546798426349128,2.146081636404217,0.03956763036419773
9,high,3,severe_burst,error_trigger,21,0.4087747756209086,0.022556608873316706,0.0685023004742992,0.008020136334847333,0.8954008954008954,0.10803577265742263,0.9879371429819931,0.003024963780191291,10.519364029041448,1.4070113699466824
9,high,3,severe_burst,generic_voi,21,0.4099020025957043,0.023019606394740728,0.0679839045636577,0.007656985096374368,0.8851602399989499,0.10560437890909802,0.9877158316967719,0.0030314954803094592,8.867706487061325,1.0991248405458718
9,high,3,severe_burst,oracle,21,0.4129179901315316,0.022392582862019367,0.04207433257086772,0.003415215870948373,0.5149211600824503,0.04792076651978304,0.986210473148365,0.003563741617272412,10.358575235994593,1.3383880665248846
9,low,3,burst,ar1_growth_voi,21,0.34281745455629375,0.013457494226420876,0.0616303493657483,0.012104893695503842,0.8547008547008547,0.18065109956094075,0.6769072727970269,0.013340846094799932,3.3595704176349335,0.11575301207903414
9,low,3,burst,b2croi_hq,21,0.2955240601321488,0.01700042589006439,0.013372193883799535,0.0011504676550574266,0.15886144918402986,0.016452178632066224,0.9998532030296655,5.92399251599891e-05,2.6145942468523113,0.0650933357008842
9,low,3,burst,cvoi_sf,21,0.3313703628473653,0.013184765597509258,0.039178499630043655,0.004868684726878927,0.4910262974779104,0.06568846141227172,0.9975018495322724,0.00070181220740437,1.535352580513871,0.022502477212303543
9,low,3,burst,error_trigger,21,0.24037826028794876,0.01536310054845491,0.02854479992032163,0.00592977655901513,0.3802171544107028,0.08308174108017441,0.9523867736176965,0.008908909120249104,15.176265311749184,1.7966774759959663
9,low,3,burst,generic_voi,21,0.2401510237558185,0.015290976330633952,0.027989122030039244,0.005706879490370378,0.3749655362558589,0.08240453714995831,0.9552483439706754,0.008428193166988394,12.962290755839144,1.4957438411872572
9,low,3,burst,oracle,21,0.2412696979807614,0.013974818532015078,0.012763276029229867,0.0011415697356377255,0.15781112555306107,0.017829038983833846,0.9528798361277934,0.008707695465174881,15.302101960166475,1.8513287407675567
9,low,3,severe_burst,ar1_growth_voi,21,0.49739236083216654,0.0219532797705528,0.08295542426178695,0.013463252555972546,1.1159688579043414,0.2021938918309188,0.7035290956394882,0.013334433623418487,3.9724815208686173,0.12063462455018208
9,low,3,severe_burst,b2croi_hq,21,0.46245757575312124,0.02503860823450597,0.034132565386211906,0.002431525695578195,0.40358685519975845,0.03607459285785486,0.9998272457119655,6.016463755662446e-05,3.181514304094949,0.07035667452674117
9,low,3,severe_burst,cvoi_sf,21,0.4832199470440589,0.022064942604862647,0.06463219154903958,0.008411605356686575,0.8050730631375793,0.12030467665590075,0.9972487805064806,0.000628371610196598,2.146105268685914,0.040741164319582544
9,low,3,severe_burst,error_trigger,21,0.40570523092963656,0.02295605304962868,0.05069833219401539,0.007843014594167383,0.6622290493258235,0.11330416387334966,0.9613614691771469,0.0076480134763026305,16.650504811795134,2.024664367412243
9,low,3,severe_burst,generic_voi,21,0.40517781139591025,0.023300394913509746,0.050635158072286704,0.00788457723892238,0.6645922774955033,0.11693219604878809,0.9632200516476053,0.007341672482105957,14.648178344952541,1.7054488822079445
9,low,3,severe_burst,oracle,21,0.40718483777142145,0.022909480691931657,0.03324920208358218,0.002434535390397588,0.40778814972363364,0.03594992405832436,0.9618726719772762,0.007562974219932897,16.657077211915922,2.094431069279786
9,medium,3,burst,ar1_growth_voi,21,0.34657676887195843,0.012762433754882747,0.07026877021114203,0.011576228773668755,0.9626216077828983,0.16967911688912082,0.6601097155135258,0.012138020823731686,3.4795436343823436,0.12318376656941775
9,medium,3,burst,b2croi_hq,21,0.29965099660936,0.016781534124264717,0.01518503435784959,0.0014144936186123802,0.1754040463717883,0.018862078947673597,0.9998452385952097,7.146249948237242e-05,2.6007929943413814,0.06480431309770532
9,medium,3,burst,cvoi_sf,21,0.33110954061637693,0.012787585727232476,0.05074239118136054,0.006583390624141711,0.649625165754198,0.08932507173069941,0.9967047861405459,0.0008117100436301614,1.5335854110047655,0.022512504749201936
9,medium,3,burst,error_trigger,21,0.2437789390690473,0.014875304165858149,0.03658319677253548,0.007150144511759804,0.48026048026048024,0.10033836244592331,0.9837884801833916,0.004652842624181122,11.365893365893367,1.4014787410086804
9,medium,3,burst,generic_voi,21,0.24343735955599907,0.015149857036385364,0.037023805628208964,0.006918105592940967,0.48971339293919935,0.0945258436519121,0.9858591605508196,0.00412299709718192,9.363264931006867,1.1258758669806332
9,medium,3,burst,oracle,21,0.24729028435766928,0.014707552140957671,0.014456777410942735,0.0012642986495251464,0.1754040463717883,0.01827798912402282,0.9852527751136461,0.004291217747002891,11.261517455065842,1.4354958472787183
9,medium,3,severe_burst,ar1_growth_voi,21,0.4987274720374003,0.022222118600079145,0.09574967558060822,0.014722391280554985,1.2811322488741848,0.2167814392140332,0.6879258991135506,0.012327287536494163,4.095991702443316,0.1279803769166386
9,medium,3,severe_burst,b2croi_hq,21,0.4660050582991582,0.024508585482847515,0.03870753894348643,0.0031945766185259234,0.4553152940249714,0.04075823012921788,0.999809916865432,8.915065713683664e-05,3.18375411923799,0.07760654762731979
9,medium,3,severe_burst,cvoi_sf,21,0.48125499244735515,0.02100891033526767,0.07501631595827714,0.008751726218058864,0.9237596334370528,0.11620929177382135,0.9967429197103647,0.0006414578057652345,2.1434295692360203,0.04123047808768735
9,medium,3,severe_burst,error_trigger,21,0.4056041450218696,0.022912841881127192,0.06121023245133556,0.009163526758541443,0.787480142318852,0.12738886289685022,0.9848175022615083,0.004184587071097743,12.798694972888521,1.6029097079364159
9,medium,3,severe_burst,generic_voi,21,0.4058900737920712,0.023103811325713628,0.060330516283380646,0.009155825087284358,0.7777646487323906,0.1253594629383408,0.9865307725431549,0.003930766969607537,10.818858560794045,1.288495326557268
9,medium,3,severe_burst,oracle,21,0.4100840529150599,0.02408540428358917,0.03748792161658729,0.003143600844278399,0.45794110310239344,0.04366325289655318,0.9864627349257042,0.004165418999599507,12.684994814027071,1.604354661474262
12,high,4,burst,ar1_growth_voi,21,0.3308066462373157,0.011706588253167182,0.07215763115746487,0.013607179455795511,0.9836937256292095,0.1974885825403337,0.6816256054483311,0.01260621855303819,3.3229823939501353,0.11593078247305023
12,high,4,burst,b2croi_hq,21,0.30242686679185243,0.015287250313604015,0.01641739374291216,0.00191545215893773,0.18964906061680256,0.022522671650585854,0.9997755715276406,9.919261075355124e-05,2.6289830241443144,0.07616731576843933
12,high,4,burst,cvoi_sf,21,0.32298436285876403,0.011462706670591122,0.05640768773698243,0.008823328194703321,0.7178305565402341,0.1176057705962053,0.9946218253939585,0.0012523091060455075,1.5088463507818348,0.0194666976605431
12,high,4,burst,error_trigger,21,0.23867579400069897,0.012884093137790766,0.04498737689714411,0.011794114851508171,0.6073496396077042,0.16851016026672067,0.9882806936768851,0.003452313950119265,9.76133561778723,1.4193250033086786
12,high,4,burst,generic_voi,21,0.2387110600107734,0.012806971873106286,0.04450380762094794,0.010825935794674751,0.5955334987593053,0.1531406308191656,0.9882013714747241,0.003586172872092551,7.894665012406947,1.0277022897547252
12,high,4,burst,oracle,21,0.2424926410266991,0.012694373783240176,0.01555714703327001,0.0018132705369678238,0.19142148174406234,0.024221849838004128,0.9867499599212082,0.003964374610825001,9.731874039938557,1.4919575024686416
12,high,4,severe_burst,ar1_growth_voi,21,0.46231859316447294,0.019844860222968195,0.09361682520476872,0.014727311060839047,1.251920122887865,0.2184121702377008,0.7119274998856724,0.013133463725001083,3.874069478908188,0.11375963953342733
12,high,4,severe_burst,b2croi_hq,21,0.44302741265443285,0.022158602413276024,0.03969496363039565,0.004091557904117008,0.4716609555319233,0.052714817267695176,0.9997860866482251,9.876159490921828e-05,3.151870888967663,0.0774599068658189
12,high,4,severe_burst,cvoi_sf,21,0.4535335130452526,0.019374767975477058,0.0806176459783724,0.011077424162719826,1.0029934223482608,0.14813771344741297,0.9952221548166688,0.0011538039420958383,2.053066288550159,0.03426927071426037
12,high,4,severe_burst,error_trigger,21,0.37482651525340394,0.020892691783463223,0.0691167270323313,0.01589831938243133,0.9194926936862422,0.23640308725113396,0.9897471173969092,0.0027875357902090976,10.804992319508447,1.4994106402089253
12,high,4,severe_burst,generic_voi,21,0.37505572999591225,0.02078339144290583,0.068788526430338,0.014379013824850927,0.9104336523691361,0.20940130028331477,0.9898709482401529,0.0029150811124003927,9.155665839536807,1.1619071948465687
12,high,4,severe_burst,oracle,21,0.37652701564331736,0.02038663967028097,0.03927429045990646,0.0042393178046011325,0.49352081610146137,0.06004792894862946,0.9885519114058684,0.0033280874696626937,10.966652881169008,1.5299913167542385
12,low,4,burst,ar1_growth_voi,21,0.32904619538975155,0.012533723081750651,0.05681573769390602,0.010764414864737974,0.7910906298003072,0.16029901014238515,0.6896460881153853,0.013314349280915155,3.2445015557918784,0.1122057194444088
12,low,4,burst,b2croi_hq,21,0.2982530828915972,0.01793440404412525,0.012124782279610048,0.001074202383428179,0.13844578360707396,0.015436862149280507,0.9998807107630799,3.743869334326883e-05,2.592679900744417,0.0707510315374371
12,low,4,burst,cvoi_sf,21,0.3215241607336584,0.012204996120590395,0.036489908599185494,0.004212206538891338,0.45275513017448493,0.05826092250950826,0.9978237582599832,0.0006067433670386503,1.5131986293276616,0.02030043881413655
12,low,4,burst,error_trigger,21,0.2282695061000514,0.014081447303879786,0.02500412469857905,0.005425599882194215,0.3414864705187286,0.08445120351472737,0.9474880631233449,0.009266859813922508,16.19046634369215,1.881755149080963
12,low,4,burst,generic_voi,21,0.2280918518577317,0.014039450100901872,0.024654856509395046,0.0047542952442142065,0.3355784000945291,0.07444361116283833,0.9506197612302538,0.008797112362661638,13.605618574973413,1.481879495086171
12,low,4,burst,oracle,21,0.22918531189791067,0.014350833355008403,0.0115525447606134,0.0010537574190306617,0.13883965496868722,0.015547460027786047,0.9472076564774561,0.00921530876412864,16.322722438851468,1.9086728708334069
12,low,4,severe_burst,ar1_growth_voi,21,0.4666294715036664,0.020671235126805923,0.07442638980143435,0.011492470513674547,0.9949190594351885,0.16998289373326392,0.7195014178029231,0.013282953566114614,3.7970065776517394,0.11160433640258641
12,low,4,severe_burst,b2croi_hq,21,0.4455387418537045,0.024737311548002856,0.031184350915926307,0.0026723798751256906,0.3661034306195597,0.037985411858036784,0.999886182350948,4.1494116381522535e-05,3.141273779983457,0.07414627784555794
12,low,4,severe_burst,cvoi_sf,21,0.4571833485253452,0.01999034667824222,0.057934633828438185,0.005698698542800383,0.7121194217968412,0.07618908203110533,0.9975527893107828,0.0006277226776291518,2.058803024932057,0.03503861541361782
12,low,4,severe_burst,error_trigger,21,0.3741165520127255,0.021907933527942756,0.04572763295934351,0.006919828589958599,0.6018354405451181,0.105645630204869,0.9563908961976825,0.008479209033575977,17.26699161054,2.0629102672464232
12,low,4,severe_burst,generic_voi,21,0.37372090404318936,0.0219449269862159,0.04505164246455222,0.0066964696932121735,0.5886407499310726,0.09971232716098295,0.9594096044753391,0.007877821736256608,14.89001733033991,1.6120277060478228
12,low,4,severe_burst,oracle,21,0.37430447688134294,0.021823056296789274,0.030345765603278323,0.0025179151119916828,0.3678758517468196,0.03670719109177727,0.9563492709728671,0.008455514201782399,17.2517822679113,2.064015742179268
12,medium,4,burst,ar1_growth_voi,21,0.32840179830869876,0.012378998299528892,0.06222384108894207,0.01127464916579573,0.8797116861632992,0.17103120747060505,0.6891938709201244,0.013295333482353865,3.2577750206782463,0.11144541873578903
12,medium,4,burst,b2croi_hq,21,0.29975457700638325,0.016847115412341795,0.012655434275478685,0.0011315063886797672,0.14376304698885348,0.016431286201097937,0.9998866750103914,4.192636957883282e-05,2.589005080940565,0.07529124192261072
12,medium,4,burst,cvoi_sf,21,0.32107434813479574,0.011742859594898548,0.041098638123165845,0.005010489081632941,0.5205010043719721,0.07002774679424544,0.9969973793996144,0.000802618994030524,1.50918704950963,0.019970701693915516
12,medium,4,burst,error_trigger,21,0.23131369055826867,0.013488653558351313,0.02811333926678278,0.0064975751715769525,0.3838276418921581,0.1003976085191997,0.9811276698273816,0.005209807218053366,11.761887037693489,1.4861104469790885
12,medium,4,burst,generic_voi,21,0.23117684763949436,0.013464118125008022,0.028524632551705557,0.005824663414276854,0.3877663555082909,0.08739051001185583,0.9837176046304347,0.004611093145981086,9.879085430698334,1.3475288691232121
12,medium,4,burst,oracle,21,0.23393152095574782,0.013484990529675807,0.011982282323317939,0.0010980353449562383,0.14336917562724014,0.016690388434767438,0.9814729639047509,0.005109394270148711,11.719585253456222,1.5672269315277156
12,medium,4,severe_burst,ar1_growth_voi,21,0.4629309996086937,0.0202535411664417,0.08413481330794104,0.012850651449871828,1.1524676040805075,0.1949693533630227,0.7186945479040103,0.013026757524282444,3.7981566820276504,0.11168860501915967
12,medium,4,severe_burst,b2croi_hq,21,0.4454220062485028,0.022807850856156952,0.03223839058833846,0.0029275652886084852,0.3759502146598921,0.04084428700188165,0.9998900170758354,4.256462404803712e-05,3.1395505927763994,0.08104793124516492
12,medium,4,severe_burst,cvoi_sf,21,0.4563210135907275,0.019439713349531096,0.06406587341671106,0.0069124029672193,0.8027098349678996,0.09635084377125673,0.9969635675992893,0.0007152483762194095,2.0537339005080946,0.03512945967632683
12,medium,4,severe_burst,error_trigger,21,0.3733030453468764,0.0215906464943619,0.05182823647162824,0.008884480936574983,0.6873055260152034,0.13606168471959884,0.9824813343793473,0.004849810277699422,13.266585923037537,1.6588954450724107
12,medium,4,severe_burst,generic_voi,21,0.3730233563234836,0.021355691350514378,0.05058827667352932,0.008011808858169179,0.6680058292961519,0.12181897632077456,0.9847739163638681,0.004188955436469357,10.967434715821813,1.3559660327070506
12,medium,4,severe_burst,oracle,21,0.3756336955630689,0.021553046569213728,0.03133017821921643,0.002732345699641683,0.37949505691441177,0.039702248567837016,0.9827577183806049,0.004663068516474992,13.267208239788886,1.6606803820942688
