variable_set,network,seed,window,policy,baseline,loss_mean_delta,missed_violation_pct_delta,rmse_mean_delta,choice_fairness_delta
temperature_inside,burst,0,0,b2croi_v8q,error_trigger,-0.02050550729673384,-0.3011350474866805,-0.004634348713503655,0.07707176079853917
temperature_inside,burst,0,1,b2croi_v8q,error_trigger,-0.008344857539958308,-0.11582117211026176,-0.004405622912049406,0.1295089254896935
temperature_inside,burst,1,0,b2croi_v8q,error_trigger,-0.011463105165624276,-0.16214964095436646,0.002996428346654839,0.09512066095010407
temperature_inside,burst,1,1,b2croi_v8q,error_trigger,-0.011116788278897382,-0.16214964095436646,0.0027326694842995103,0.11381328325302265
temperature_inside,burst,2,0,b2croi_v8q,error_trigger,-0.013199785730831595,-0.1853138753764188,0.00275939865613245,0.09086281913901173
temperature_inside,burst,2,1,b2croi_v8q,error_trigger,-0.01353570187630299,-0.1853138753764188,0.012108366246973201,0.13309638529393464
temperature_inside,burst,3,0,b2croi_v8q,error_trigger,-0.0170238417882789,-0.25480657864257583,0.0020363667527255602,0.09340578147940792
temperature_inside,burst,3,1,b2croi_v8q,error_trigger,-0.009032823720176046,-0.11582117211026176,0.0017734084777433767,0.11799567628898777
temperature_inside,burst,4,0,b2croi_v8q,error_trigger,-0.007638614778781562,-0.11582117211026176,0.004616941258016344,0.1006452201519622
temperature_inside,burst,4,1,b2croi_v8q,error_trigger,-0.006951731526523048,-0.11582117211026177,-0.0017868972463502553,0.11844398748002039
temperature_inside,burst,5,0,b2croi_v8q,error_trigger,-0.014245193421357428,-0.20847810979847117,0.0009255381804440244,0.07908918776000917
temperature_inside,burst,5,1,b2croi_v8q,error_trigger,-0.009376546212647673,-0.11582117211026177,0.0046954314539802144,0.13046297377943006
temperature_inside,burst,6,0,b2croi_v8q,error_trigger,-0.017721589066481355,-0.2548065786425759,-0.000521494251305904,0.08542777184451988
temperature_inside,burst,6,1,b2croi_v8q,error_trigger,-0.005553376187167012,-0.0463284688441047,0.006253185048120641,0.13178354345094412
temperature_inside,burst,7,0,b2croi_v8q,error_trigger,-0.016675092656937687,-0.23164234422052352,0.0032681401856338166,0.09292446475206984
temperature_inside,burst,7,1,b2croi_v8q,error_trigger,-0.007641608756080611,-0.0926569376882094,0.0028042014004821536,0.127215059800471
temperature_inside,burst,8,0,b2croi_v8q,error_trigger,-0.010076633078526756,-0.0926569376882094,-0.0011493535947192102,0.09329248628998577
temperature_inside,burst,8,1,b2croi_v8q,error_trigger,-0.009028851053972668,-0.11582117211026176,0.005817719613880001,0.1307695791303881
temperature_inside,burst,9,0,b2croi_v8q,error_trigger,-0.010771704887653463,-0.11582117211026176,0.0003286168085943897,0.08911363794811433
temperature_inside,burst,9,1,b2croi_v8q,error_trigger,-0.008293288163076208,-0.0926569376882094,0.028359674035895677,0.1312072118827684
temperature_inside,burst,10,0,b2croi_v8q,error_trigger,-0.019459248320593,-0.27797081306462823,-0.0007863619805950073,0.09702738792889787
temperature_inside,burst,10,1,b2croi_v8q,error_trigger,-0.004517378966875145,-0.04632846884410471,-1.4776363155666328e-05,0.12451547695510079
temperature_inside,burst,11,0,b2croi_v8q,error_trigger,-0.015284404679175353,-0.20847810979847117,0.0037851849963512763,0.1071757505016554
temperature_inside,burst,11,1,b2croi_v8q,error_trigger,-0.010771623812832986,-0.16214964095436646,0.0009772715722898007,0.12712897021195602
temperature_inside,burst,12,0,b2croi_v8q,error_trigger,-0.013548922863099376,-0.1853138753764188,0.0022863380386264343,0.10050956646178322
temperature_inside,burst,12,1,b2croi_v8q,error_trigger,-0.01389347926801019,-0.23164234422052352,0.005165902954216317,0.13120939893934536
temperature_inside,burst,13,0,b2croi_v8q,error_trigger,-0.012856804493861477,-0.1853138753764188,-0.0006675048893092228,0.09313421009787404
temperature_inside,burst,13,1,b2croi_v8q,error_trigger,-0.017714755617326848,-0.27797081306462823,0.005803210517433738,0.13277904763078707
temperature_inside,burst,14,0,b2croi_v8q,error_trigger,-0.01424382094046792,-0.1853138753764188,0.0020353137472354788,0.08434840790320486
temperature_inside,burst,14,1,b2croi_v8q,error_trigger,-0.012504852907111418,-0.18531387537641883,0.007842270961855802,0.1175294740800108
temperature_inside,burst,15,0,b2croi_v8q,error_trigger,-0.015635806115357885,-0.1853138753764188,-0.0009213745949680496,0.09488436016070456
temperature_inside,burst,15,1,b2croi_v8q,error_trigger,-0.005903862636089879,-0.06949270326615706,0.003083481438919372,0.13557024976451149
temperature_inside,burst,16,0,b2croi_v8q,error_trigger,-0.012159451007644203,-0.13898540653231412,-0.00023695290832387306,0.09309944127913994
temperature_inside,burst,16,1,b2croi_v8q,error_trigger,-0.007644510076441973,-0.09265693768820941,0.0009242887511451969,0.12420289756530267
temperature_inside,burst,17,0,b2croi_v8q,error_trigger,-0.013213412091730367,-0.13898540653231412,-0.00914168950008698,0.09945510328249696
temperature_inside,burst,17,1,b2croi_v8q,error_trigger,-0.007648002084781098,-0.09265693768820941,-0.0024856064092766694,0.1336375285993162
temperature_inside,burst,18,0,b2croi_v8q,error_trigger,-0.01529226893676164,-0.20847810979847115,-0.0021017110235582726,0.08833469655148751
temperature_inside,burst,18,1,b2croi_v8q,error_trigger,-0.014242743803567295,-0.18531387537641875,0.0015354551689051865,0.12015698977086497
temperature_inside,burst,19,0,b2croi_v8q,error_trigger,-0.011117923326384064,-0.13898540653231412,-2.4090529079284773e-05,0.0890352456428144
temperature_inside,burst,19,1,b2croi_v8q,error_trigger,-0.01006966643502432,-0.13898540653231412,0.006428257455499242,0.1289145097095754
temperature_inside,severe_burst,0,0,b2croi_v8q,error_trigger,-0.010355640491081765,-0.16214964095436635,0.03237294126781265,0.0778666560704776
temperature_inside,severe_burst,0,1,b2croi_v8q,error_trigger,-0.013165855918461894,-0.16214964095436646,0.015098752427788409,0.10377986876526746
temperature_inside,severe_burst,1,0,b2croi_v8q,error_trigger,-0.008669498494324761,-0.09265693768820939,0.007362923224340845,0.07753132769604376
temperature_inside,severe_burst,1,1,b2croi_v8q,error_trigger,-0.007983541811443132,-0.0926569376882094,0.004474398698612547,0.09966981345389125
temperature_inside,severe_burst,2,0,b2croi_v8q,error_trigger,-0.019427102154273797,-0.3242992819087329,0.014673586391691806,0.1023008027715111
temperature_inside,severe_burst,2,1,b2croi_v8q,error_trigger,-0.012833871901783646,-0.1853138753764188,0.009754544083527328,0.12604741153516985
temperature_inside,severe_burst,3,0,b2croi_v8q,error_trigger,-0.010068641417651146,-0.11582117211026177,0.005837253617465843,0.08559355064155405
temperature_inside,severe_burst,3,1,b2croi_v8q,error_trigger,-0.00763873059995367,-0.11582117211026177,0.0030939199065210254,0.10800556580140652
temperature_inside,severe_burst,4,0,b2croi_v8q,error_trigger,-0.007637259671067875,-0.0926569376882094,0.004288129608543745,0.08623412143883635
temperature_inside,severe_burst,4,1,b2croi_v8q,error_trigger,-0.004177982395181835,-0.09265693768820943,-0.005909735657049442,0.11361216447826927
temperature_inside,severe_burst,5,0,b2croi_v8q,error_trigger,-0.012486529997683581,-0.16214964095436646,0.015054031223588449,0.0638317583603818
temperature_inside,severe_burst,5,1,b2croi_v8q,error_trigger,-0.004161541579800785,-0.046328468844104714,0.004946495584554511,0.11654618157267915
temperature_inside,severe_burst,6,0,b2croi_v8q,error_trigger,-0.012117691684039839,-0.18531387537641886,0.02404847423330031,0.08405629056109343
temperature_inside,severe_burst,6,1,b2croi_v8q,error_trigger,-0.003136697938383134,-0.02316423442205237,-0.004896545898983695,0.11431338788234413
temperature_inside,severe_burst,7,0,b2croi_v8q,error_trigger,-0.009379517025712304,-0.11582117211026166,0.0008360312642712864,0.08968116248324276
temperature_inside,severe_burst,7,1,b2croi_v8q,error_trigger,-0.015596803335649756,-0.1853138753764188,0.021412266078544573,0.09191902019119846
temperature_inside,severe_burst,8,0,b2croi_v8q,error_trigger,-0.007296044706972437,-0.16214964095436646,3.1082241903734875e-05,0.08793689447042852
temperature_inside,severe_burst,8,1,b2croi_v8q,error_trigger,-0.011796971276349315,-0.11582117211026176,0.010528262272682887,0.1184784254607476
temperature_inside,severe_burst,9,0,b2croi_v8q,error_trigger,-0.008649061848505904,-0.09265693768820937,0.01633430738759284,0.08669134930687683
temperature_inside,severe_burst,9,1,b2croi_v8q,error_trigger,-0.007962473940236275,-0.0926569376882094,0.012456832017244568,0.1161030575976858
temperature_inside,severe_burst,10,0,b2croi_v8q,error_trigger,-0.016673951818392402,-0.2316423442205235,0.003540807437480753,0.08300386057316023
temperature_inside,severe_burst,10,1,b2croi_v8q,error_trigger,-0.00832319318971508,-0.13898540653231412,0.007831537296767443,0.11964257028880187
temperature_inside,severe_burst,11,0,b2croi_v8q,error_trigger,-0.005552322214500808,-0.06949270326615704,0.005842272009661809,0.09617248911610898
temperature_inside,severe_burst,11,1,b2croi_v8q,error_trigger,-0.011463209404679174,-0.16214964095436646,0.0017964072399017095,0.11708246715371728
temperature_inside,severe_burst,12,0,b2croi_v8q,error_trigger,-0.009002993977299048,-0.18531387537641875,0.009268784831229504,0.0845809504066567
temperature_inside,severe_burst,12,1,b2croi_v8q,error_trigger,-0.010454372249247163,-0.13898540653231412,-0.009028572698942527,0.10025244387779675
temperature_inside,severe_burst,13,0,b2croi_v8q,error_trigger,-0.0013878329858698218,0.0,0.0002644514200849102,0.0762162518412196
temperature_inside,severe_burst,13,1,b2croi_v8q,error_trigger,-0.02565592425295343,-0.3011350474866805,0.02103151776949247,0.10279650812987606
temperature_inside,severe_burst,14,0,b2croi_v8q,error_trigger,-0.009366186008802405,-0.11582117211026177,0.006537527538216237,0.08341484068105287
temperature_inside,severe_burst,14,1,b2croi_v8q,error_trigger,-0.0038369064164929315,-0.04632846884410469,-0.007357194486309726,0.09836363051295416
temperature_inside,severe_burst,15,0,b2croi_v8q,error_trigger,-0.025013278897382436,-0.25480657864257583,0.002280550408736426,0.06551913319236713
temperature_inside,severe_burst,15,1,b2croi_v8q,error_trigger,-0.03716178480426222,-0.5791058605513087,0.006355658692098198,0.12510550771683848
temperature_inside,severe_burst,16,0,b2croi_v8q,error_trigger,-0.012501384063006715,-0.18531387537641886,0.001948206359966953,0.059604137398137524
temperature_inside,severe_burst,16,1,b2croi_v8q,error_trigger,-0.009735273337966178,-0.13898540653231412,-0.004508457610156502,0.11102600348095715
temperature_inside,severe_burst,17,0,b2croi_v8q,error_trigger,-0.019445002316423442,-0.2548065786425759,0.003954334412790417,0.07362675054569601
temperature_inside,severe_burst,17,1,b2croi_v8q,error_trigger,-0.0024339471855455187,-0.06949270326615706,-0.00072559055886523,0.11902073143334724
temperature_inside,severe_burst,18,0,b2croi_v8q,error_trigger,-0.01736790016214964,-0.25480657864257583,0.0029184046978900646,0.08566138653004274
temperature_inside,severe_burst,18,1,b2croi_v8q,error_trigger,-0.008324386147787816,-0.11582117211026176,0.0066553591667621315,0.1115793319168219
temperature_inside,severe_burst,19,0,b2croi_v8q,error_trigger,-0.01563243571924948,-0.2316423442205235,0.0035264932613435773,0.08897945491918335
temperature_inside,severe_burst,19,1,b2croi_v8q,error_trigger,-0.007634213574241372,-0.046328468844104714,0.004916593245096024,0.12465950813105087
humidity_inside,burst,0,0,b2croi_v8q,error_trigger,-0.019106930738939074,-0.27797081306462823,0.010496795399527081,0.034046435681543974
humidity_inside,burst,0,1,b2croi_v8q,error_trigger,-0.004863351401436182,-0.06949270326615706,0.0027559510225924067,0.01366787112864043
humidity_inside,burst,1,0,b2croi_v8q,error_trigger,-0.008687311558952976,-0.11582117211026174,-0.004466365467584721,0.03246832069541361
humidity_inside,burst,1,1,b2croi_v8q,error_trigger,-0.00104166411860088,0.0,0.002608111558682291,0.01781688341741139
humidity_inside,burst,2,0,b2croi_v8q,error_trigger,-0.011110121843873059,-0.13898540653231412,0.022948565674459354,0.034918326733562655
humidity_inside,burst,2,1,b2croi_v8q,error_trigger,-0.0034712976604123224,-0.02316423442205235,0.01159846163117395,0.019169839940375577
humidity_inside,burst,3,0,b2croi_v8q,error_trigger,-0.007992393791985172,-0.09265693768820941,-0.0037354574257211226,0.031376848948055924
humidity_inside,burst,3,1,b2croi_v8q,error_trigger,-0.004863422747278202,-0.06949270326615706,0.004149002100981902,0.021071010493012854
humidity_inside,burst,4,0,b2croi_v8q,error_trigger,-0.011116544822793607,-0.16214964095436646,0.0071011867774556925,0.04125541366943142
humidity_inside,burst,4,1,b2croi_v8q,error_trigger,-0.0017362937224924694,-0.023164234422052357,0.003647915818760672,0.017992863644227808
humidity_inside,burst,5,0,b2croi_v8q,error_trigger,-0.011120716238128332,-0.16214964095436646,-0.008828099052375471,0.030562549072993495
humidity_inside,burst,5,1,b2croi_v8q,error_trigger,-0.004168536483669214,-0.0463284688441047,0.0036296297380579157,0.022475285674370293
humidity_inside,burst,6,0,b2croi_v8q,error_trigger,-0.012856369701181373,-0.20847810979847117,-0.003041201947546368,0.03951199563987173
humidity_inside,burst,6,1,b2croi_v8q,error_trigger,-0.003474219133657631,-0.0463284688441047,0.002248357939242329,0.022310493791994568
humidity_inside,burst,7,0,b2croi_v8q,error_trigger,-0.012155202223766506,-0.1853138753764188,0.008745105327283287,0.03922189434764267
humidity_inside,burst,7,1,b2croi_v8q,error_trigger,-0.0031250155200370625,-0.0463284688441047,0.008115460930378682,0.025691634089418436
humidity_inside,burst,8,0,b2croi_v8q,error_trigger,-0.016673016446606438,-0.2548065786425759,0.016411434389569046,0.034572548441622386
humidity_inside,burst,8,1,b2croi_v8q,error_trigger,-0.009380972897845724,-0.13898540653231412,0.0023343423846771127,0.01941913518297511
humidity_inside,burst,9,0,b2croi_v8q,error_trigger,-0.015983923094741715,-0.23164234422052352,-0.0020779891952235063,0.03048665785864424
humidity_inside,burst,9,1,b2croi_v8q,error_trigger,-0.002431613620569841,-0.023164234422052343,0.0008284551303058829,0.018130501777961605
humidity_inside,burst,10,0,b2croi_v8q,error_trigger,-0.007294546212647669,-0.0926569376882094,0.004900760590411668,0.03593052593049273
humidity_inside,burst,10,1,b2croi_v8q,error_trigger,-0.004169032198285847,-0.04632846884410469,0.00046902251704705744,0.02198921656498709
humidity_inside,burst,11,0,b2croi_v8q,error_trigger,-0.012506909427843407,-0.16214964095436646,0.00491455016781317,0.03975502459436797
humidity_inside,burst,11,1,b2croi_v8q,error_trigger,-0.0024288589298123693,-0.02316423442205235,0.013094583153644368,0.016335056759271827
humidity_inside,burst,12,0,b2croi_v8q,error_trigger,-0.026751203150335877,-0.39379198517488995,0.010210137354181303,0.028934009187843612
humidity_inside,burst,12,1,b2croi_v8q,error_trigger,-0.001041137827194812,0.0,0.005606449606437802,0.02197356638707937
humidity_inside,burst,13,0,b2croi_v8q,error_trigger,-0.01389722307157748,-0.20847810979847117,0.003941249229782562,0.026393392404631233
humidity_inside,burst,13,1,b2croi_v8q,error_trigger,-0.00799156543896224,-0.11582117211026177,0.00022799912339749318,0.020582675976585474
humidity_inside,burst,14,0,b2croi_v8q,error_trigger,-0.019107600648598563,-0.3011350474866805,0.00802510145635743,0.040927916095585215
humidity_inside,burst,14,1,b2croi_v8q,error_trigger,-0.015289250868658788,-0.20847810979847117,-0.002612719608975078,0.01512864634817701
humidity_inside,burst,15,0,b2croi_v8q,error_trigger,-0.011465777160064859,-0.1853138753764188,-0.0009201670675502704,0.03212804042927664
humidity_inside,burst,15,1,b2croi_v8q,error_trigger,-0.002084529997683576,-0.023164234422052357,-0.0003070489045195468,0.022165437620030426
humidity_inside,burst,16,0,b2croi_v8q,error_trigger,-0.0062545082233032194,-0.0926569376882094,-0.0014990392672502018,0.03768147867062521
humidity_inside,burst,16,1,b2croi_v8q,error_trigger,-0.00486440676395645,-0.06949270326615706,0.00010659753044361953,0.025990149896188086
humidity_inside,burst,17,0,b2croi_v8q,error_trigger,-0.014943992587444983,-0.20847810979847117,-0.01229032696946103,0.03199337711275785
humidity_inside,burst,17,1,b2croi_v8q,error_trigger,-0.005904217743803565,-0.0926569376882094,0.009524420364217356,0.018835341597825628
humidity_inside,burst,18,0,b2croi_v8q,error_trigger,-0.011108283530229322,-0.13898540653231412,0.022195539249628526,0.03648529596523642
humidity_inside,burst,18,1,b2croi_v8q,error_trigger,-0.005209739170720408,-0.0463284688441047,0.007230270015566698,0.019606248397558423
humidity_inside,burst,19,0,b2croi_v8q,error_trigger,-0.010769244382673149,-0.16214964095436646,0.005696824282240054,0.034357252673819616
humidity_inside,burst,19,1,b2croi_v8q,error_trigger,-0.0003464461431549688,0.0,0.004280182076160544,0.036831188040534424
humidity_inside,severe_burst,0,0,b2croi_v8q,error_trigger,-0.01841009682649988,-0.27797081306462823,0.0124689823505999,0.02399854389466305
humidity_inside,severe_burst,0,1,b2croi_v8q,error_trigger,-0.0038156571693305566,-0.06949270326615709,0.01199253880421658,0.0213935972771504
humidity_inside,severe_burst,1,0,b2croi_v8q,error_trigger,-0.0069471364373407465,-0.06949270326615706,0.0011832507014049032,0.03232192686093194
humidity_inside,severe_burst,1,1,b2croi_v8q,error_trigger,-0.0020817150799166085,-0.02316423442205235,0.004899136124640102,0.021199784605511307
humidity_inside,severe_burst,2,0,b2croi_v8q,error_trigger,-0.008650959462589761,-0.11582117211026172,0.05597908191279144,0.05219815698425001
humidity_inside,severe_burst,2,1,b2croi_v8q,error_trigger,-0.007281038684271483,-0.04632846884410469,0.020768322077806767,0.02477654492897019
humidity_inside,severe_burst,3,0,b2croi_v8q,error_trigger,-0.007994817697475095,-0.09265693768820943,-0.010778332399791257,0.03556892425907343
humidity_inside,severe_burst,3,1,b2croi_v8q,error_trigger,-0.0024308705119295807,-0.02316423442205235,0.002637327513617005,0.021987357313783096
humidity_inside,severe_burst,4,0,b2croi_v8q,error_trigger,-0.018750004169562195,-0.30113504748668063,0.013413650478740213,0.04778116439076374
humidity_inside,severe_burst,4,1,b2croi_v8q,error_trigger,-0.001728834839008573,-0.023164234422052343,0.010679242369165731,0.017494179165684964
humidity_inside,severe_burst,5,0,b2croi_v8q,error_trigger,-0.02118057817929117,-0.3242992819087329,0.022709851608213594,0.036376768735724596
humidity_inside,severe_burst,5,1,b2croi_v8q,error_trigger,-0.002069470465601112,0.0,0.034922969709895446,0.023097824579350945
humidity_inside,severe_burst,6,0,b2croi_v8q,error_trigger,-0.008677437109103542,-0.23164234422052354,0.01209477818494098,0.030862900474154187
humidity_inside,severe_burst,6,1,b2croi_v8q,error_trigger,-0.002432163076210331,-0.023164234422052357,0.00015395723998357091,0.02628758668982667
humidity_inside,severe_burst,7,0,b2croi_v8q,error_trigger,-0.009723768357655777,-0.13898540653231412,0.004710019068897897,0.031627443860481774
humidity_inside,severe_burst,7,1,b2croi_v8q,error_trigger,-0.01042133425990271,-0.16214964095436646,0.004938393368654204,0.021337240034971394
humidity_inside,severe_burst,8,0,b2croi_v8q,error_trigger,-0.015282211721102612,-0.23164234422052352,0.01649696147495794,0.04308129283030393
humidity_inside,severe_burst,8,1,b2croi_v8q,error_trigger,-0.0066000305767894354,-0.0926569376882094,0.005397109384736476,0.019705993158215862
humidity_inside,severe_burst,9,0,b2croi_v8q,error_trigger,-0.02918317164697707,-0.463284688441047,0.00039281656230727435,0.029642823576183197
humidity_inside,severe_burst,9,1,b2croi_v8q,error_trigger,-0.005202080148251102,-0.06949270326615706,0.014076624114754854,0.02251187030205193
humidity_inside,severe_burst,10,0,b2croi_v8q,error_trigger,-0.010766893676164,-0.13898540653231406,0.0086716669069411,0.03407124012067131
humidity_inside,severe_burst,10,1,b2croi_v8q,error_trigger,-0.010422806578642571,-0.16214964095436646,-0.003843413339860269,0.021909751549178402
humidity_inside,severe_burst,11,0,b2croi_v8q,error_trigger,-0.009716681955061382,-0.11582117211026177,0.02108049319556493,0.04549914591547122
humidity_inside,severe_burst,11,1,b2croi_v8q,error_trigger,-0.000344211257817929,0.0,0.00885919990225953,0.02351181505906841
humidity_inside,severe_burst,12,0,b2croi_v8q,error_trigger,-0.038529814222839937,-0.5791058605513089,0.05565860831876834,0.03622412957757648
humidity_inside,severe_burst,12,1,b2croi_v8q,error_trigger,-0.0013892629140606905,0.0,0.0007927379358225739,0.02386780719655135
humidity_inside,severe_burst,13,0,b2croi_v8q,error_trigger,-0.012843339356034284,-0.1621496409543664,0.02201858858792405,0.02586313879695279
humidity_inside,severe_burst,13,1,b2croi_v8q,error_trigger,-0.0031267417187861926,-0.04632846884410469,-0.00031813076523046213,0.02222320238126163
humidity_inside,severe_burst,14,0,b2croi_v8q,error_trigger,-0.0037760917303683167,-0.09265693768820937,0.06754117270018556,0.0494301837819624
humidity_inside,severe_burst,14,1,b2croi_v8q,error_trigger,-0.004521299976835766,-0.06949270326615709,-0.011778895493460562,0.01256195571229346
humidity_inside,severe_burst,15,0,b2croi_v8q,error_trigger,-0.021543853602038445,-0.3474635163307852,-0.008693610453522571,0.04027194503007325
humidity_inside,severe_burst,15,1,b2croi_v8q,error_trigger,-0.0020809284225156346,-0.023164234422052343,0.005055572232954164,0.014018271017307349
humidity_inside,severe_burst,16,0,b2croi_v8q,error_trigger,-0.035782930738939074,-0.5791058605513089,0.0016077356689288003,0.04239952190840912
humidity_inside,severe_burst,16,1,b2croi_v8q,error_trigger,-0.0020835682186703727,-0.02316423442205235,0.002484930777175043,0.01914987738494367
humidity_inside,severe_burst,17,0,b2croi_v8q,error_trigger,-0.009383823951818391,-0.13898540653231412,-0.007543295960241281,0.04040931007366977
humidity_inside,severe_burst,17,1,b2croi_v8q,error_trigger,-0.005901111883252256,-0.0926569376882094,0.013211314644532735,0.026874067898221
humidity_inside,severe_burst,18,0,b2croi_v8q,error_trigger,-0.006244837618716701,-0.13898540653231412,0.018049000912763846,0.03679847359028854
humidity_inside,severe_burst,18,1,b2croi_v8q,error_trigger,-0.004864414176511465,-0.0463284688441047,-0.001114117021261074,0.022992060955392635
humidity_inside,severe_burst,19,0,b2croi_v8q,error_trigger,-0.005551155895297662,-0.06949270326615706,0.018700473336498324,0.03780491577557987
humidity_inside,severe_burst,19,1,b2croi_v8q,error_trigger,-0.003128262219133657,-0.0463284688441047,-0.0022772504443304697,0.0337875732490136
temperature_inside,burst,0,0,cvoi_sf,error_trigger,0.00315517141533473,0.023164234422052343,0.01883354021955183,0.07664311924228029
temperature_inside,burst,0,1,cvoi_sf,error_trigger,0.0035016272874681467,0.06949270326615706,0.02020412689593673,0.12950313045150175
temperature_inside,burst,1,0,cvoi_sf,error_trigger,0.010116324994208944,0.11582117211026177,0.03203376290605395,0.09493815902352198
temperature_inside,burst,1,1,cvoi_sf,error_trigger,0.0007299976835765561,0.0,0.028732286914195215,0.11327463187995956
temperature_inside,burst,2,0,cvoi_sf,error_trigger,2.3911280982162608e-05,-0.06949270326615703,0.017908679605314393,0.09066008444964013
temperature_inside,burst,2,1,cvoi_sf,error_trigger,-0.0013509149872596733,0.0,0.02780435194222919,0.13245356073193648
temperature_inside,burst,3,0,cvoi_sf,error_trigger,0.006978966875144779,0.04632846884410469,0.028582395018755785,0.0926298533977642
temperature_inside,burst,3,1,cvoi_sf,error_trigger,0.0024604354876071356,0.023164234422052357,0.023499861236853464,0.11721688227677085
temperature_inside,burst,4,0,cvoi_sf,error_trigger,0.011521699096594857,0.11582117211026174,0.04236287419840701,0.10055251243506924
temperature_inside,burst,4,1,cvoi_sf,error_trigger,0.007681624971044711,0.0926569376882094,0.030292525050897773,0.11777224187442348
temperature_inside,burst,5,0,cvoi_sf,error_trigger,0.004888116747741485,0.0,0.020949718930159456,0.07847533704571807
temperature_inside,burst,5,1,cvoi_sf,error_trigger,0.0031502316423442193,0.023164234422052343,0.018421088433707156,0.13004011242744118
temperature_inside,burst,6,0,cvoi_sf,error_trigger,-0.0031017662728746835,-0.11582117211026177,0.021767473276407517,0.08459979152625452
temperature_inside,burst,6,1,cvoi_sf,error_trigger,0.005254268010192263,0.09265693768820941,0.036012547789507465,0.13150546380434758
temperature_inside,burst,7,0,cvoi_sf,error_trigger,0.004548586981700253,0.06949270326615703,0.02719282653105598,0.09266954954803586
temperature_inside,burst,7,1,cvoi_sf,error_trigger,0.0052319434792680135,0.06949270326615706,0.012152101631717316,0.12607473249305956
temperature_inside,burst,8,0,cvoi_sf,error_trigger,0.014283020616168637,0.1853138753764188,0.03422502078702641,0.09328669125179401
temperature_inside,burst,8,1,cvoi_sf,error_trigger,0.0111489518183924,0.16214964095436646,0.026841591906664825,0.1305204531233829
temperature_inside,burst,9,0,cvoi_sf,error_trigger,0.016358061153578875,0.2316423442205235,0.024487749950286547,0.08872560876843127
temperature_inside,burst,9,1,cvoi_sf,error_trigger,0.003851546212647673,0.046328468844104714,0.019893903351606734,0.13085673291910782
temperature_inside,burst,10,0,cvoi_sf,error_trigger,-0.0023865763261524155,-0.1389854065323141,0.03528406993518576,0.09688544198646776
temperature_inside,burst,10,1,cvoi_sf,error_trigger,2.593236043548809e-05,0.0,0.019446983289317654,0.12441407407037475
temperature_inside,burst,11,0,cvoi_sf,error_trigger,0.000382070882557331,-0.04632846884410469,0.03048146086767467,0.10699324011486955
temperature_inside,burst,11,1,cvoi_sf,error_trigger,-0.00033051887885105456,-0.04632846884410469,0.014698392382524628,0.12709999569263197
temperature_inside,burst,12,0,cvoi_sf,error_trigger,0.014626401436182539,0.16214964095436646,0.02855331066076855,0.09984357704565272
temperature_inside,burst,12,1,cvoi_sf,error_trigger,0.003852148482742644,0.0,0.027825044187718362,0.1302194226910388
temperature_inside,burst,13,0,cvoi_sf,error_trigger,0.012541255501505673,0.13898540653231412,0.027948324713726158,0.09242771902145464
temperature_inside,burst,13,1,cvoi_sf,error_trigger,-0.00552036715311559,-0.11582117211026177,0.03291353179015388,0.13193946771093923
temperature_inside,burst,14,0,cvoi_sf,error_trigger,0.0031760945100764437,0.0,0.031001838413401123,0.08405873824738952
temperature_inside,burst,14,1,cvoi_sf,error_trigger,0.004197949965253647,0.04632846884410469,0.01882912161833261,0.11729193257668846
temperature_inside,burst,15,0,cvoi_sf,error_trigger,0.007677275886031967,0.11582117211026172,0.01972825581490556,0.0950639709552662
temperature_inside,burst,15,1,cvoi_sf,error_trigger,0.01219300440120454,0.1853138753764188,0.02521239752491844,0.13465546602048728
temperature_inside,burst,16,0,cvoi_sf,error_trigger,0.002810945100764413,0.04632846884410469,0.021150202611485425,0.09311682538628208
temperature_inside,burst,16,1,cvoi_sf,error_trigger,0.0017716006485985654,0.0,0.02598886658939431,0.12402907563141807
temperature_inside,burst,17,0,cvoi_sf,error_trigger,0.010448065786425764,0.11582117211026174,0.018114981996395385,0.09894543823966673
temperature_inside,burst,17,1,cvoi_sf,error_trigger,0.006639327078990037,0.0926569376882094,0.02785916386871437,0.1333710386932846
temperature_inside,burst,18,0,cvoi_sf,error_trigger,0.011516301829974523,0.16214964095436646,0.025925112444429466,0.08897752111348567
temperature_inside,burst,18,1,cvoi_sf,error_trigger,0.008376806810284923,0.11582117211026183,0.02490022203065459,0.11970521504388498
temperature_inside,burst,19,0,cvoi_sf,error_trigger,0.006629470697243452,0.0,0.02014916776097847,0.08896863841266789
temperature_inside,burst,19,1,cvoi_sf,error_trigger,0.012548002084781101,0.1389854065323141,0.02637519036367686,0.1269798981331578
temperature_inside,severe_burst,0,0,cvoi_sf,error_trigger,0.009425631225388018,0.09265693768820948,0.01866509470951183,0.07619469987657912
temperature_inside,severe_burst,0,1,cvoi_sf,error_trigger,-0.0027074473013666903,0.0,0.030870741327484852,0.10392177441420902
temperature_inside,severe_burst,1,0,cvoi_sf,error_trigger,0.016729777623349547,0.2548065786425759,0.02422687033038251,0.07446372659960399
temperature_inside,severe_burst,1,1,cvoi_sf,error_trigger,0.008778405142460042,0.13898540653231412,0.05290968048968048,0.09966401868435093
temperature_inside,severe_burst,2,0,cvoi_sf,error_trigger,0.011198135279129023,0.09265693768820937,0.03330189125361821,0.09978643082152272
temperature_inside,severe_burst,2,1,cvoi_sf,error_trigger,0.0102494730136669,0.16214964095436646,0.06130509170358889,0.12587648712877675
temperature_inside,severe_burst,3,0,cvoi_sf,error_trigger,0.010104951355107715,0.06949270326615703,0.02151308440186281,0.08517662444442742
temperature_inside,severe_burst,3,1,cvoi_sf,error_trigger,0.017075266388695852,0.25480657864257583,0.029924573110576225,0.1069087441106289
temperature_inside,severe_burst,4,0,cvoi_sf,error_trigger,0.017766649293490838,0.25480657864257583,0.02614474709549308,0.08578545717609798
temperature_inside,severe_burst,4,1,cvoi_sf,error_trigger,0.005628955293027569,0.023164234422052343,0.036028485822312106,0.1110227700220604
temperature_inside,severe_burst,5,0,cvoi_sf,error_trigger,0.0076938614778781535,0.06949270326615706,0.0313932201988249,0.06322370221415463
temperature_inside,severe_burst,5,1,cvoi_sf,error_trigger,0.010523957609451004,0.13898540653231406,0.035526272091112865,0.11544344417409413
temperature_inside,severe_burst,6,0,cvoi_sf,error_trigger,-0.006910864025943944,-0.18531387537641886,0.01846692707694636,0.08211664781409256
temperature_inside,severe_burst,6,1,cvoi_sf,error_trigger,0.016431016909891127,0.2316423442205235,0.03444518277703196,0.11242202740599716
temperature_inside,severe_burst,7,0,cvoi_sf,error_trigger,0.0001192147324530976,0.0,0.051109521748273545,0.08796298338954733
temperature_inside,severe_burst,7,1,cvoi_sf,error_trigger,0.0011064801945795677,0.046328468844104714,0.03241671409958907,0.08893781614930196
temperature_inside,severe_burst,8,0,cvoi_sf,error_trigger,0.01809763145703035,0.23164234422052354,0.020707372006724456,0.08694468170576897
temperature_inside,severe_burst,8,1,cvoi_sf,error_trigger,0.01429536715311559,0.20847810979847115,0.030370052316070817,0.1183857129087802
temperature_inside,severe_burst,9,0,cvoi_sf,error_trigger,0.0032374623581190656,0.04632846884410469,0.04804786803587002,0.08666818244709573
temperature_inside,severe_burst,9,1,cvoi_sf,error_trigger,0.004329592309474174,-0.0463284688441047,0.07182380004116568,0.11399996703270399
temperature_inside,severe_burst,10,0,cvoi_sf,error_trigger,2.6517257354648216e-05,-0.023164234422052343,0.016135880202010733,0.08177113198193975
temperature_inside,severe_burst,10,1,cvoi_sf,error_trigger,0.010137462358119059,0.11582117211026177,0.029867493469023898,0.11952378611728354
temperature_inside,severe_burst,11,0,cvoi_sf,error_trigger,0.0167221507991661,0.27797081306462823,0.029855337409764926,0.09541397210966052
temperature_inside,severe_burst,11,1,cvoi_sf,error_trigger,-0.004794689599258745,-0.09265693768820939,0.0361064478088583,0.11606357372508802
temperature_inside,severe_burst,12,0,cvoi_sf,error_trigger,0.029566869353717856,0.39379198517489,0.005348841166508134,0.08210134566359184
temperature_inside,severe_burst,12,1,cvoi_sf,error_trigger,0.0062914755617326824,0.09265693768820937,0.019822942300878166,0.09622760825138366
temperature_inside,severe_burst,13,0,cvoi_sf,error_trigger,0.01538461894834375,0.2084781097984712,0.044556683634423444,0.07380553252846533
temperature_inside,severe_burst,13,1,cvoi_sf,error_trigger,-0.012814749826268235,-0.20847810979847115,0.018340688972078578,0.10165618082246464
temperature_inside,severe_burst,14,0,cvoi_sf,error_trigger,0.014030130877924485,0.18531387537641886,0.06129943556281253,0.08355100237902757
temperature_inside,severe_burst,14,1,cvoi_sf,error_trigger,0.0066324530924252965,0.06949270326615714,0.01614198987631088,0.09585871901367893
temperature_inside,severe_burst,15,0,cvoi_sf,error_trigger,0.015233066944637483,0.2316423442205236,-0.024969145379953983,0.06715616890645104
temperature_inside,severe_burst,15,1,cvoi_sf,error_trigger,0.0015219539031734938,0.04632846884410469,0.05230404582164949,0.12452057495651292
temperature_inside,severe_burst,16,0,cvoi_sf,error_trigger,0.008410921936530008,0.04632846884410469,0.03454381006575308,0.058471626272284305
temperature_inside,severe_burst,16,1,cvoi_sf,error_trigger,0.014284375723882334,0.1853138753764188,0.018541416118237786,0.11040922330040104
temperature_inside,severe_burst,17,0,cvoi_sf,error_trigger,-0.004466747741487143,-0.04632846884410474,0.022240656372039536,0.07282773448277402
temperature_inside,severe_burst,17,1,cvoi_sf,error_trigger,0.005959595784109335,0.023164234422052343,0.026864432462939958,0.11706582631693352
temperature_inside,severe_burst,18,0,cvoi_sf,error_trigger,-0.0013352907111419954,-0.04632846884410474,0.026266344526267527,0.08595102933308607
temperature_inside,severe_burst,18,1,cvoi_sf,error_trigger,0.012913892749594627,0.16214964095436646,0.02760967228645428,0.10899852518760311
temperature_inside,severe_burst,19,0,cvoi_sf,error_trigger,-0.0010304435950891817,-0.11582117211026172,0.007800649488824307,0.08851039392175075
temperature_inside,severe_burst,19,1,cvoi_sf,error_trigger,0.00633196664350243,0.0926569376882094,0.030585382058254507,0.12459576935971228
humidity_inside,burst,0,0,cvoi_sf,error_trigger,0.000753449154505443,-0.023164234422052343,0.1485759308962033,0.040510131755807866
humidity_inside,burst,0,1,cvoi_sf,error_trigger,0.005247367153115587,0.06949270326615706,0.09540055972448808,0.020157722539107747
humidity_inside,burst,1,0,cvoi_sf,error_trigger,0.017425603891591382,0.20847810979847115,0.12655718732244398,0.042880323189990244
humidity_inside,burst,1,1,cvoi_sf,error_trigger,0.006631755385684503,0.0926569376882094,0.09948943213743139,0.021278180011288117
humidity_inside,burst,2,0,cvoi_sf,error_trigger,0.018819375492239984,0.25480657864257583,0.13442883695099123,0.043806056557188944
humidity_inside,burst,2,1,cvoi_sf,error_trigger,0.00281150335881399,0.04632846884410471,0.09960426861147292,0.02649670715441932
humidity_inside,burst,3,0,cvoi_sf,error_trigger,0.00907621033124855,0.11582117211026177,0.12066381567364026,0.03948913832914036
humidity_inside,burst,3,1,cvoi_sf,error_trigger,0.0028082853833680792,0.023164234422052343,0.1013088756794685,0.02596895811715494
humidity_inside,burst,4,0,cvoi_sf,error_trigger,0.016042169098911277,0.20847810979847115,0.15216294322780982,0.05246190474590917
humidity_inside,burst,4,1,cvoi_sf,error_trigger,-0.0006662070882557328,-0.023164234422052357,0.09635941663486347,0.025252224779358956
humidity_inside,burst,5,0,cvoi_sf,error_trigger,0.00630944081538105,0.04632846884410474,0.14116993227352248,0.03931357052528761
humidity_inside,burst,5,1,cvoi_sf,error_trigger,0.001417439888811674,0.023164234422052357,0.09917790262235193,0.025606198864440932
humidity_inside,burst,6,0,cvoi_sf,error_trigger,0.011171426453555709,0.11582117211026174,0.14041691897512876,0.045419455675227316
humidity_inside,burst,6,1,cvoi_sf,error_trigger,-0.0010011804493861463,-0.0463284688441047,0.12636608680329464,0.025706099620076084
humidity_inside,burst,7,0,cvoi_sf,error_trigger,0.0073504507760018475,0.046328468844104714,0.1265236100175322,0.049915130189661094
humidity_inside,burst,7,1,cvoi_sf,error_trigger,0.002113254574936298,0.023164234422052357,0.09104212285056185,0.03446010325532389
humidity_inside,burst,8,0,cvoi_sf,error_trigger,0.003525813296270556,0.0,0.1408115291429065,0.04329963620886179
humidity_inside,burst,8,1,cvoi_sf,error_trigger,0.004201522353486217,0.04632846884410469,0.11190000251525117,0.02572722264850502
humidity_inside,burst,9,0,cvoi_sf,error_trigger,0.00039426824183461107,-0.02316423442205237,0.14116580642024446,0.03706333393403893
humidity_inside,burst,9,1,cvoi_sf,error_trigger,0.0014368431781329625,0.0,0.1228428384871803,0.021332168418339736
humidity_inside,burst,10,0,cvoi_sf,error_trigger,0.015350342367384757,0.18531387537641877,0.14387978776272792,0.045760492881231296
humidity_inside,burst,10,1,cvoi_sf,error_trigger,0.01253985452860783,0.20847810979847115,0.0947976725104327,0.029101542061250818
humidity_inside,burst,11,0,cvoi_sf,error_trigger,0.0024880138985406575,0.023164234422052343,0.13747217622141206,0.05014198741060394
humidity_inside,burst,11,1,cvoi_sf,error_trigger,0.004549928190873292,0.06949270326615706,0.11044728147392341,0.01960741231776897
humidity_inside,burst,12,0,cvoi_sf,error_trigger,-0.004463706277507522,-0.11582117211026172,0.14072954001159516,0.0344679441710779
humidity_inside,burst,12,1,cvoi_sf,error_trigger,0.0010692703266157047,0.023164234422052343,0.10060560595430146,0.029375147934825874
humidity_inside,burst,13,0,cvoi_sf,error_trigger,0.005618247857308318,0.04632846884410469,0.15086698308130914,0.03306483910457869
humidity_inside,burst,13,1,cvoi_sf,error_trigger,-0.0027507398656474395,-0.06949270326615706,0.09596585430944704,0.02587731866870746
humidity_inside,burst,14,0,cvoi_sf,error_trigger,-0.0030652879314338605,-0.09265693768820937,0.1525330754263891,0.04640163641721029
humidity_inside,burst,14,1,cvoi_sf,error_trigger,0.0021177984711605313,0.023164234422052343,0.10277359664454039,0.0171781705492553
humidity_inside,burst,15,0,cvoi_sf,error_trigger,0.010473419504285379,0.11582117211026177,0.12487546504495767,0.03680261508938365
humidity_inside,burst,15,1,cvoi_sf,error_trigger,0.00420466805652073,0.0463284688441047,0.10872942511522099,0.029266900221185055
humidity_inside,burst,16,0,cvoi_sf,error_trigger,0.010821465832754229,0.09265693768820939,0.13603254900283684,0.043054296946409165
humidity_inside,burst,16,1,cvoi_sf,error_trigger,0.0021124753300903396,0.023164234422052343,0.09828061387171588,0.03084197930248911
humidity_inside,burst,17,0,cvoi_sf,error_trigger,0.005951230020847811,0.02316423442205237,0.10621607308572728,0.04059440317881702
humidity_inside,burst,17,1,cvoi_sf,error_trigger,0.003155738707435721,0.023164234422052357,0.09003385155398497,0.025161700892922134
humidity_inside,burst,18,0,cvoi_sf,error_trigger,0.008743735927727592,0.13898540653231412,0.11766117890535238,0.04182651237338608
humidity_inside,burst,18,1,cvoi_sf,error_trigger,0.006981162844567984,0.13898540653231412,0.09672108863265588,0.025543286488095895
humidity_inside,burst,19,0,cvoi_sf,error_trigger,0.009080874681491779,0.11582117211026177,0.123121460730656,0.04208197158345561
humidity_inside,burst,19,1,cvoi_sf,error_trigger,0.0069840101922631435,0.06949270326615706,0.09961395843198984,0.04250407317230198
humidity_inside,severe_burst,0,0,cvoi_sf,error_trigger,7.377160064859709e-05,-0.04632846884410469,0.14329040549841532,0.02607848075221575
humidity_inside,severe_burst,0,1,cvoi_sf,error_trigger,0.01012730785267546,0.13898540653231406,0.1019589197021018,0.022634707445719937
humidity_inside,severe_burst,1,0,cvoi_sf,error_trigger,0.009448486448922856,0.0926569376882094,0.11536894322748481,0.03596350228968015
humidity_inside,severe_burst,1,1,cvoi_sf,error_trigger,0.008371101227704424,0.11582117211026177,0.06067330039185548,0.024542479227702363
humidity_inside,severe_burst,2,0,cvoi_sf,error_trigger,0.011530604586518417,0.16214964095436646,0.10904773827362257,0.05426600458175912
humidity_inside,severe_burst,2,1,cvoi_sf,error_trigger,-0.0006437081306462852,0.04632846884410474,0.08797932577222567,0.031657792309681576
humidity_inside,severe_burst,3,0,cvoi_sf,error_trigger,0.00769559323604355,0.09265693768820937,0.10833341856212836,0.041271329795951384
humidity_inside,severe_burst,3,1,cvoi_sf,error_trigger,0.010810725967106784,0.16214964095436646,0.09504638589523223,0.024837576653879312
humidity_inside,severe_burst,4,0,cvoi_sf,error_trigger,0.007708203845262912,0.0,0.10378695056340659,0.05495340255072123
humidity_inside,severe_burst,4,1,cvoi_sf,error_trigger,0.0028209932823720155,0.023164234422052343,0.07811703886073196,0.020731456123896708
humidity_inside,severe_burst,5,0,cvoi_sf,error_trigger,0.011212881167477408,0.13898540653231417,0.1505995535667195,0.040768270242454885
humidity_inside,severe_burst,5,1,cvoi_sf,error_trigger,0.005247135510771368,0.09265693768820939,0.07942333314670186,0.024906868383925862
humidity_inside,severe_burst,6,0,cvoi_sf,error_trigger,-0.0009924540189946707,-0.046328468844104714,0.08942525341288043,0.03344130463420503
humidity_inside,severe_burst,6,1,cvoi_sf,error_trigger,0.01116645448227936,0.11582117211026174,0.07577686536133865,0.030961521082599086
humidity_inside,severe_burst,7,0,cvoi_sf,error_trigger,0.0011027324530924268,-0.023164234422052343,0.09307677875220566,0.03237920474593847
humidity_inside,severe_burst,7,1,cvoi_sf,error_trigger,-0.007593785499189251,-0.13898540653231412,0.10191813824646179,0.023546130725835557
humidity_inside,severe_burst,8,0,cvoi_sf,error_trigger,0.007375929580727362,0.09265693768820937,0.16839943056407775,0.0457731398161032
humidity_inside,severe_burst,8,1,cvoi_sf,error_trigger,0.00246762195969423,0.023164234422052357,0.09785226254922058,0.022449598346307664
humidity_inside,severe_burst,9,0,cvoi_sf,error_trigger,0.0014577632615242059,-0.04632846884410469,0.11610185387412497,0.031371742500434174
humidity_inside,severe_burst,9,1,cvoi_sf,error_trigger,0.0003926384063006709,0.0,0.0902117784990607,0.025246328553755415
humidity_inside,severe_burst,10,0,cvoi_sf,error_trigger,0.005633589993050737,0.0231642344220524,0.1332488631056078,0.03787223830524156
humidity_inside,severe_burst,10,1,cvoi_sf,error_trigger,-0.006584166782487832,-0.13898540653231412,0.04123937752119211,0.023319596271316523
humidity_inside,severe_burst,11,0,cvoi_sf,error_trigger,0.0039074218207088285,0.0,0.14451745982861663,0.0512755278607856
humidity_inside,severe_burst,11,1,cvoi_sf,error_trigger,0.013255296733842944,0.1853138753764188,0.11694457826804966,0.0252630468012619
humidity_inside,severe_burst,12,0,cvoi_sf,error_trigger,-0.006154497104470698,-0.23164234422052354,0.1382525811761527,0.038623175565475565
humidity_inside,severe_burst,12,1,cvoi_sf,error_trigger,0.022622784340977534,0.324299281908733,0.07921117355856055,0.026947649747882996
humidity_inside,severe_burst,13,0,cvoi_sf,error_trigger,0.010531454250637014,0.16214964095436646,0.159366552601931,0.02762644479315013
humidity_inside,severe_burst,13,1,cvoi_sf,error_trigger,-0.0020447236506833423,-0.04632846884410469,0.07946500682144286,0.025740980502837907
humidity_inside,severe_burst,14,0,cvoi_sf,error_trigger,0.01366024924716238,0.13898540653231406,0.17605228998189915,0.053598295761188575
humidity_inside,severe_burst,14,1,cvoi_sf,error_trigger,0.006638157980078756,0.06949270326615703,0.08332583397421905,0.01349857430887691
humidity_inside,severe_burst,15,0,cvoi_sf,error_trigger,-0.017312632846884408,-0.39379198517488995,0.104124313223939,0.04505513061130606
humidity_inside,severe_burst,15,1,cvoi_sf,error_trigger,0.004213679870280287,0.046328468844104714,0.08311951502786097,0.0210221374238021
humidity_inside,severe_burst,16,0,cvoi_sf,error_trigger,-0.023893787352328003,-0.46328468844104703,0.1181152894158557,0.04462256724199132
humidity_inside,severe_burst,16,1,cvoi_sf,error_trigger,0.010457602038452626,0.11582117211026177,0.064158010371003,0.020757441492507134
humidity_inside,severe_burst,17,0,cvoi_sf,error_trigger,0.006674927959230952,0.04632846884410469,0.1427567498180604,0.04403403932551997
humidity_inside,severe_burst,17,1,cvoi_sf,error_trigger,0.0021232680101922656,0.023164234422052357,0.08622710741354345,0.03137392445788212
humidity_inside,severe_burst,18,0,cvoi_sf,error_trigger,0.0032138336807968487,0.0,0.14891051722009285,0.040312803810658604
humidity_inside,severe_burst,18,1,cvoi_sf,error_trigger,0.00037930970581422346,0.023164234422052357,0.08596447020009129,0.027949846850069515
humidity_inside,severe_burst,19,0,cvoi_sf,error_trigger,0.008764477183229091,0.11582117211026174,0.14552829490656832,0.0387085680837751
humidity_inside,severe_burst,19,1,cvoi_sf,error_trigger,0.02263113643734074,0.34746351633078526,0.08500759803626678,0.03659487483980273
temperature_inside,burst,0,0,generic_voi,error_trigger,-0.005912919851748896,-0.09265693768820937,-0.005309965658807619,0.013339829934464698
temperature_inside,burst,0,1,generic_voi,error_trigger,-0.002779430159833219,-0.0463284688441047,0.0003712198253248422,0.020610551080243678
temperature_inside,burst,1,0,generic_voi,error_trigger,0.003822336113041464,0.04632846884410474,-0.00042129860180686873,0.021879899534316127
temperature_inside,burst,1,1,generic_voi,error_trigger,-0.0065998841788278894,-0.11582117211026176,0.002363458994541018,0.016786785180502584
temperature_inside,burst,2,0,generic_voi,error_trigger,-0.0045163481584433625,-0.04632846884410469,0.0003602709449888608,0.02523947717364461
temperature_inside,burst,2,1,generic_voi,error_trigger,0.009043079684966407,0.13898540653231412,0.006845810149654186,0.035040798878446244
temperature_inside,burst,3,0,generic_voi,error_trigger,0.0013911802177438044,0.023164234422052343,0.0016101254104025353,0.01855234843804865
temperature_inside,burst,3,1,generic_voi,error_trigger,-0.0017406648135279111,-0.023164234422052357,-0.0024087487105154404,0.015082423283843793
temperature_inside,burst,4,0,generic_voi,error_trigger,0.009385018531387537,0.11582117211026174,0.0024346110508497165,0.02171849201393583
temperature_inside,burst,4,1,generic_voi,error_trigger,-0.0010454540189946734,-0.023164234422052357,-0.0037084126685802965,0.02484130711831445
temperature_inside,burst,5,0,generic_voi,error_trigger,0.002083281213805882,0.023164234422052343,-0.0014388501260272912,0.015769914423176656
temperature_inside,burst,5,1,generic_voi,error_trigger,-0.0024344510076441984,-0.046328468844104714,-0.0018310442774140956,0.025509491090796144
temperature_inside,burst,6,0,generic_voi,error_trigger,0.0041679291174426675,0.06949270326615703,-0.0014412955917902648,0.011969331088007351
temperature_inside,burst,6,1,generic_voi,error_trigger,-0.0020821403752605966,-0.02316423442205235,0.0027763891933543783,0.028262179013872957
temperature_inside,burst,7,0,generic_voi,error_trigger,-0.002083871901783649,-0.023164234422052343,0.0008601874233261642,0.010322135110015784
temperature_inside,burst,7,1,generic_voi,error_trigger,-0.002781572851517258,-0.0463284688441047,-0.002052005278747826,0.02014960201488092
temperature_inside,burst,8,0,generic_voi,error_trigger,0.008683790826963165,0.13898540653231412,-0.0034392158608022305,0.004317804093288746
temperature_inside,burst,8,1,generic_voi,error_trigger,-0.004862832985869819,-0.06949270326615706,0.002036733248654027,0.027814493056289802
temperature_inside,burst,9,0,generic_voi,error_trigger,0.009035696085244384,0.16214964095436646,0.0022691596384623314,0.009235681131131046
temperature_inside,burst,9,1,generic_voi,error_trigger,-0.0006947938383136433,-0.023164234422052343,6.699513536667645e-05,0.024712762573100178
temperature_inside,burst,10,0,generic_voi,error_trigger,-0.009733883483900852,-0.16214964095436646,-0.004527121804041079,0.024526643696480055
temperature_inside,burst,10,1,generic_voi,error_trigger,0.0034730020847810964,0.0463284688441047,-0.0011839703493342069,0.027298189874035428
temperature_inside,burst,11,0,generic_voi,error_trigger,-0.0006956682881630802,-0.023164234422052343,-0.0007564667125921354,0.029042642454308654
temperature_inside,burst,11,1,generic_voi,error_trigger,-0.003133646050498028,-0.06949270326615703,-0.0030979001369180192,0.023842916763916144
temperature_inside,burst,12,0,generic_voi,error_trigger,-0.003823059995367157,-0.06949270326615703,-0.0007709255885814392,0.018518819878827864
temperature_inside,burst,12,1,generic_voi,error_trigger,-0.009034815844336342,-0.1853138753764188,-0.0005109982626258225,0.031239355621948683
temperature_inside,burst,13,0,generic_voi,error_trigger,-0.006252773917072041,-0.09265693768820939,0.0016412078643877615,0.023774071019281973
temperature_inside,burst,13,1,generic_voi,error_trigger,0.0034763898540653253,0.023164234422052343,0.0018817897859018384,0.02789056436621662
temperature_inside,burst,14,0,generic_voi,error_trigger,0.006947602501737309,0.11582117211026172,-0.0023334234629949213,0.016901167520985583
temperature_inside,burst,14,1,generic_voi,error_trigger,0.0031251621496409566,0.04632846884410469,-0.0007387542074763775,0.02159578938737261
temperature_inside,burst,15,0,generic_voi,error_trigger,0.0013878966875144685,0.04632846884410469,-0.001915878973861529,0.019933703994972518
temperature_inside,burst,15,1,generic_voi,error_trigger,0.003822417187861941,0.04632846884410469,0.0006038078407054892,0.02930255683293015
temperature_inside,burst,16,0,generic_voi,error_trigger,-0.004169469539031738,-0.04632846884410469,-0.0003405032111943873,0.018161754367379546
temperature_inside,burst,16,1,generic_voi,error_trigger,-0.0059087444984943244,-0.09265693768820941,-0.000930195810500245,0.026109793839125373
temperature_inside,burst,17,0,generic_voi,error_trigger,0.004518427148482742,0.06949270326615706,0.0008906245513708444,0.027734326127466735
temperature_inside,burst,17,1,generic_voi,error_trigger,-0.003825555941626129,-0.023164234422052357,-0.0024838246100050976,0.03330824054505621
temperature_inside,burst,18,0,generic_voi,error_trigger,-0.0006967685892981246,0.0,-0.0009582207210137583,0.01489930954118357
temperature_inside,burst,18,1,generic_voi,error_trigger,-0.0003458246467454226,0.0,0.0010296759403770617,0.01984508582374711
temperature_inside,burst,19,0,generic_voi,error_trigger,0.003470083391243918,0.06949270326615706,-0.004884537311107107,0.018173515644666405
temperature_inside,burst,19,1,generic_voi,error_trigger,-0.004520639332870047,-0.0926569376882094,-0.002533209299616035,0.01942312090206688
temperature_inside,severe_burst,0,0,generic_voi,error_trigger,0.009741296038915923,0.13898540653231417,0.006712945971690476,0.021648561286265466
temperature_inside,severe_burst,0,1,generic_voi,error_trigger,-0.007291238128329856,-0.0926569376882094,0.001758331877493191,0.016151378890971846
temperature_inside,severe_burst,1,0,generic_voi,error_trigger,8.628677322201905e-07,0.0,0.0005761143935096857,0.027011560189768247
temperature_inside,severe_burst,1,1,generic_voi,error_trigger,0.0006946201065554779,0.0,7.021216599051305e-05,0.022629387207460994
temperature_inside,severe_burst,2,0,generic_voi,error_trigger,-0.009719672226082908,-0.16214964095436646,0.00496728749060843,0.03117800544953664
temperature_inside,severe_burst,2,1,generic_voi,error_trigger,0.0006917998610145963,0.0,-0.0012024375863124992,0.026855495643055116
temperature_inside,severe_burst,3,0,generic_voi,error_trigger,0.006255762103312485,0.09265693768820937,0.0018796362471168448,0.031794197509239175
temperature_inside,severe_burst,3,1,generic_voi,error_trigger,-0.0010419793838313644,-0.023164234422052357,-0.0009176848757198042,0.027012304771231066
temperature_inside,severe_burst,4,0,generic_voi,error_trigger,0.010775718091267077,0.18531387537641877,0.002950309684315977,0.01936277936019415
temperature_inside,severe_burst,4,1,generic_voi,error_trigger,-0.001030681028492006,-0.046328468844104714,0.007637952124104674,0.021311886965923343
temperature_inside,severe_burst,5,0,generic_voi,error_trigger,0.004180229325920774,0.06949270326615706,0.007021039536975138,0.021677542269363803
temperature_inside,severe_burst,5,1,generic_voi,error_trigger,-1.216122307155787e-06,0.0,-0.000566952571445456,0.03649637788211646
temperature_inside,severe_burst,6,0,generic_voi,error_trigger,-0.001384792680101922,-0.0231642344220524,0.0028171983500475672,0.027858406260378055
temperature_inside,severe_burst,6,1,generic_voi,error_trigger,0.01668116168635627,0.2779708130646282,-2.0381379606360106e-05,0.01831077954268434
temperature_inside,severe_burst,7,0,generic_voi,error_trigger,-0.001739755617326845,-0.04632846884410469,-0.001281944107909161,0.034837474653937384
temperature_inside,severe_burst,7,1,generic_voi,error_trigger,-0.0010387769284225142,-0.023164234422052343,0.0007578256093681568,0.020243277996203735
temperature_inside,severe_burst,8,0,generic_voi,error_trigger,0.0017334491545054447,0.023164234422052343,-0.002990575796974815,0.01619878386941276
temperature_inside,severe_burst,8,1,generic_voi,error_trigger,-0.002773957609451006,-0.023164234422052357,0.003612062260518023,0.03182794181586934
temperature_inside,severe_burst,9,0,generic_voi,error_trigger,0.0020834375723882276,0.04632846884410469,-0.002049871849445384,0.029173834494289785
temperature_inside,severe_burst,9,1,generic_voi,error_trigger,-0.0013840224693073885,-0.023164234422052343,0.004110899482916208,0.020608289684494796
temperature_inside,severe_burst,10,0,generic_voi,error_trigger,0.0006899525133194293,0.023164234422052343,-0.000758862214730649,0.02372848818004858
temperature_inside,severe_burst,10,1,generic_voi,error_trigger,0.0006973592772758844,0.0,0.0012757968196868141,0.0223308321195127
temperature_inside,severe_burst,11,0,generic_voi,error_trigger,-0.0013908848737549176,0.023164234422052343,-0.0005179626369766765,0.038728801363048904
temperature_inside,severe_burst,11,1,generic_voi,error_trigger,-0.005208431781329624,-0.06949270326615703,0.002532393937019095,0.02091438554613756
temperature_inside,severe_burst,12,0,generic_voi,error_trigger,0.009376963168867283,0.13898540653231406,-0.0014264427056133178,0.014694412394764766
temperature_inside,severe_burst,12,1,generic_voi,error_trigger,-0.0059228109798471155,-0.09265693768820943,-0.007310979714129029,0.03620881011379784
temperature_inside,severe_burst,13,0,generic_voi,error_trigger,-0.005217280518878854,-0.06949270326615703,-0.0034632903024880424,0.028019473546692986
temperature_inside,severe_burst,13,1,generic_voi,error_trigger,-0.0003529650220060118,0.0,0.0010936056901627023,0.02402563523544321
temperature_inside,severe_burst,14,0,generic_voi,error_trigger,0.01181715890664814,0.18531387537641886,0.0019945830641350804,0.019169666723665935
temperature_inside,severe_burst,14,1,generic_voi,error_trigger,0.0045170141301829995,0.04632846884410474,0.0006170491787422794,0.021103887730097082
temperature_inside,severe_burst,15,0,generic_voi,error_trigger,-0.013551980542043082,-0.13898540653231406,0.0006925032011590448,0.021019111666426005
temperature_inside,severe_burst,15,1,generic_voi,error_trigger,0.0024314686124623647,0.0231642344220524,-0.0003366036887159085,0.04151453017280726
temperature_inside,severe_burst,16,0,generic_voi,error_trigger,-0.006259236738475796,-0.09265693768820948,-0.002393662903857008,0.009152186074302682
temperature_inside,severe_burst,16,1,generic_voi,error_trigger,0.002779268010192265,0.04632846884410469,-0.0013865998062145835,0.027408836970726602
temperature_inside,severe_burst,17,0,generic_voi,error_trigger,0.0013857597868890403,0.023164234422052343,-0.0027358936569306103,0.02885296571272633
temperature_inside,severe_burst,17,1,generic_voi,error_trigger,0.0048601864720870976,0.0,-0.0024366554438127186,0.03899500512919163
temperature_inside,severe_burst,18,0,generic_voi,error_trigger,-0.005905831596015754,-0.09265693768820943,-0.0008298539590748111,0.006050142926266822
temperature_inside,severe_burst,18,1,generic_voi,error_trigger,0.0017375260597637214,0.023164234422052357,-0.000805883426859888,0.020613483554745016
temperature_inside,severe_burst,19,0,generic_voi,error_trigger,-0.0055598216353949514,-0.1389854065323141,0.0018059103216899741,0.03405621355202382
temperature_inside,severe_burst,19,1,generic_voi,error_trigger,0.00034470697243455667,0.0926569376882094,-0.0002866267024763114,0.016664095573172943
humidity_inside,burst,0,0,generic_voi,error_trigger,-0.00660154181144313,-0.11582117211026174,0.0010388534685472073,0.016983195722394262
humidity_inside,burst,0,1,generic_voi,error_trigger,2.3164234421238494e-08,0.0,-0.00012778331093976636,0.012814054450122625
humidity_inside,burst,1,0,generic_voi,error_trigger,-0.0013917998610145938,-0.023164234422052343,-0.006515683518304061,0.015733059994628595
humidity_inside,burst,1,1,generic_voi,error_trigger,0.002779885105397266,0.04632846884410471,0.0007532059483305042,0.009775412912472636
humidity_inside,burst,2,0,generic_voi,error_trigger,0.001737652999768356,0.023164234422052343,0.0008639728003076996,0.02219785468032298
humidity_inside,burst,2,1,generic_voi,error_trigger,0.00833879916608756,0.13898540653231412,-0.0012322588962771497,0.01507636265970258
humidity_inside,burst,3,0,generic_voi,error_trigger,0.004865028492008344,0.0926569376882094,0.001965275532957389,0.015262499887135683
humidity_inside,burst,3,1,generic_voi,error_trigger,-2.1681723419084142e-07,0.0,-0.0007580768759082313,0.01746665823745397
humidity_inside,burst,4,0,generic_voi,error_trigger,0.001390624971044703,0.0,0.002864771677696276,0.028834548502768453
humidity_inside,burst,4,1,generic_voi,error_trigger,0.002433929117442668,0.04632846884410469,0.006648248438966942,0.013535927516020396
humidity_inside,burst,5,0,generic_voi,error_trigger,-0.003130568450312718,-0.06949270326615703,-0.012714793622733978,0.014202782223055932
humidity_inside,burst,5,1,generic_voi,error_trigger,0.002779639564512393,0.0463284688441047,-0.0002519234811381721,0.016604715407268267
humidity_inside,burst,6,0,generic_voi,error_trigger,0.0027778642575862905,0.02316423442205237,-0.007320777104268095,0.017729083516505706
humidity_inside,burst,6,1,generic_voi,error_trigger,-0.000346750057910585,0.0,0.003401793566605804,0.018075585717272302
humidity_inside,burst,7,0,generic_voi,error_trigger,0.0013900625434329385,0.0,-0.0005730981265789636,0.022507065691185768
humidity_inside,burst,7,1,generic_voi,error_trigger,8.246467454245399e-07,0.0,0.0032511138205488788,0.01966043931792516
humidity_inside,burst,8,0,generic_voi,error_trigger,-0.00243246050498031,-0.04632846884410474,-0.001218365454514314,0.013552961513787931
humidity_inside,burst,8,1,generic_voi,error_trigger,5.985638174658969e-07,0.0,0.0025882096994708226,0.015676883141201303
humidity_inside,burst,9,0,generic_voi,error_trigger,0.0020839638637943046,0.02316423442205237,-0.003256776186011723,0.016929745381947803
humidity_inside,burst,9,1,generic_voi,error_trigger,-0.00034620430854760253,0.0,0.004650483328957511,0.014357732833859993
humidity_inside,burst,10,0,generic_voi,error_trigger,0.0027788417882788977,0.046328468844104714,-0.0026887475789667548,0.017776730857531398
humidity_inside,burst,10,1,generic_voi,error_trigger,0.0013885392633773454,0.02316423442205237,-0.005304564018237423,0.015732451358581367
humidity_inside,burst,11,0,generic_voi,error_trigger,0.0024320277970813053,0.023164234422052343,-0.0008579347695911177,0.02255796753083228
humidity_inside,burst,11,1,generic_voi,error_trigger,0.0055597776233495474,0.0926569376882094,0.00134416768361717,0.013049768065692469
humidity_inside,burst,12,0,generic_voi,error_trigger,-0.0024333944869122,-0.04632846884410469,-0.003984606787674483,0.011028817029568594
humidity_inside,burst,12,1,generic_voi,error_trigger,0.004864388232568911,0.0926569376882094,-0.00011330863803998836,0.012551586543131932
humidity_inside,burst,13,0,generic_voi,error_trigger,0.0017374815844336325,0.023164234422052343,0.0005927991891535589,0.010166992104926442
humidity_inside,burst,13,1,generic_voi,error_trigger,-0.0017366587908269615,-0.023164234422052357,0.0026242316628089513,0.016362735804719142
humidity_inside,burst,14,0,generic_voi,error_trigger,-0.002433272179754458,-0.04632846884410469,-0.0034938583623940755,0.02375800606762246
humidity_inside,burst,14,1,generic_voi,error_trigger,0.00034745888348390597,0.0,0.0005274255971916553,0.009954324956237937
humidity_inside,burst,15,0,generic_voi,error_trigger,-0.0017362334954829726,-0.04632846884410469,0.0034620521214616673,0.01898549319894771
humidity_inside,burst,15,1,generic_voi,error_trigger,-0.00034724947880472416,0.0,-1.7343364226929392e-05,0.015389371765355153
humidity_inside,burst,16,0,generic_voi,error_trigger,0.0020861783646050486,0.023164234422052357,0.005265788919542824,0.01484371962821096
humidity_inside,burst,16,1,generic_voi,error_trigger,0.0024327310632383595,0.0463284688441047,0.002029903360912022,0.02202071539356021
humidity_inside,burst,17,0,generic_voi,error_trigger,0.0017357646513782715,0.02316423442205237,-0.005229088319109121,0.015469946624116382
humidity_inside,burst,17,1,generic_voi,error_trigger,-0.00034817604818160753,0.0,-0.002747671297075205,0.01744731254047216
humidity_inside,burst,18,0,generic_voi,error_trigger,-0.0020828065786425726,-0.0463284688441047,0.0050022926513391686,0.023847282572583173
humidity_inside,burst,18,1,generic_voi,error_trigger,-0.0010407746119990742,0.0,0.0058833245594926975,0.013349128941711252
humidity_inside,burst,19,0,generic_voi,error_trigger,-0.0006959759091962007,-0.023164234422052343,-0.0037505854556056373,0.0247859841563014
humidity_inside,burst,19,1,generic_voi,error_trigger,0.002780682881630762,0.0463284688441047,0.00415074090047074,0.025936629971286873
humidity_inside,severe_burst,0,0,generic_voi,error_trigger,0.002082795459810053,0.023164234422052343,-0.004712194482497489,0.015747716020114377
humidity_inside,severe_burst,0,1,generic_voi,error_trigger,0.001390434097753062,0.023164234422052343,0.00325266702379845,0.012802788055084058
humidity_inside,severe_burst,1,0,generic_voi,error_trigger,-0.004866166319203152,-0.046328468844104714,-0.0032901225269903467,0.01453839099505927
humidity_inside,severe_burst,1,1,generic_voi,error_trigger,0.0027802019921241605,0.04632846884410471,0.0010205956908544422,0.012292505553742727
humidity_inside,severe_burst,2,0,generic_voi,error_trigger,0.0024435348621728095,0.04632846884410474,0.021516114809387754,0.029627631324305126
humidity_inside,severe_burst,2,1,generic_voi,error_trigger,-1.5010423905469084e-06,0.0,-0.0036473984804019643,0.02015466629540552
humidity_inside,severe_burst,3,0,generic_voi,error_trigger,0.003474990965948579,0.06949270326615703,0.0007079251141135501,0.010621465656180384
humidity_inside,severe_burst,3,1,generic_voi,error_trigger,-0.00034950660180681,0.0,-0.005975511035617442,0.016051724013157354
humidity_inside,severe_burst,4,0,generic_voi,error_trigger,0.0006963817465832634,0.0,0.0013179339038393856,0.026481294659692955
humidity_inside,severe_burst,4,1,generic_voi,error_trigger,-1.2925642807522925e-06,0.0,-0.0034334586966189296,0.013177203141991
humidity_inside,severe_burst,5,0,generic_voi,error_trigger,-0.003472630993745656,-0.06949270326615709,0.004005146891150502,0.023819612581409855
humidity_inside,severe_burst,5,1,generic_voi,error_trigger,0.005559580264072271,0.09265693768820939,0.000532234677824428,0.01786959363404128
humidity_inside,severe_burst,6,0,generic_voi,error_trigger,0.0017368478109798455,0.0,-0.0028381466676323797,0.018833170668319688
humidity_inside,severe_burst,6,1,generic_voi,error_trigger,-0.00034570396108408574,0.0,0.003153933865064129,0.01534914585011704
humidity_inside,severe_burst,7,0,generic_voi,error_trigger,0.004516068566133891,0.06949270326615703,-0.004383771030386341,0.011423620787125999
humidity_inside,severe_burst,7,1,generic_voi,error_trigger,0.00034872087097521584,0.0,0.003186556336811641,0.011818881100387424
humidity_inside,severe_burst,8,0,generic_voi,error_trigger,-0.002085372249247156,-0.04632846884410469,-0.002073594666083034,0.023178129987899587
humidity_inside,severe_burst,8,1,generic_voi,error_trigger,4.818160759803222e-07,0.0,0.001480740290784932,0.015481930270909383
humidity_inside,severe_burst,9,0,generic_voi,error_trigger,0.002082759323604355,0.0231642344220524,-0.004766960314955493,0.017922131355904924
humidity_inside,severe_burst,9,1,generic_voi,error_trigger,-0.003125951355107715,-0.046328468844104714,0.0021601373822099923,0.017178525405386558
humidity_inside,severe_burst,10,0,generic_voi,error_trigger,0.002778351633078529,0.04632846884410474,-0.00289028495641086,0.011556338964775592
humidity_inside,severe_burst,10,1,generic_voi,error_trigger,-0.005907862867732219,-0.09265693768820943,-0.00048539855984897073,0.017623894363454684
humidity_inside,severe_burst,11,0,generic_voi,error_trigger,0.0024328088950660194,0.023164234422052343,0.00010516859665521405,0.02371893187025309
humidity_inside,severe_burst,11,1,generic_voi,error_trigger,0.005560275191104935,0.09265693768820941,0.0038477627725643226,0.016712737545928502
humidity_inside,severe_burst,12,0,generic_voi,error_trigger,0.0013986231179059436,0.0,0.014046976296205771,0.017993856556159704
humidity_inside,severe_burst,12,1,generic_voi,error_trigger,1.6428075052116187e-06,0.0,0.003348195406108978,0.016651731009984405
humidity_inside,severe_burst,13,0,generic_voi,error_trigger,0.002092208478109793,0.023164234422052343,0.012925381062789398,0.011173127772263536
humidity_inside,severe_burst,13,1,generic_voi,error_trigger,-0.002435003937919851,-0.04632846884410469,-0.006159970826689953,0.013361147112824767
humidity_inside,severe_burst,14,0,generic_voi,error_trigger,0.007293846652768124,0.06949270326615709,-0.008328435944767176,0.021977570654909462
humidity_inside,severe_burst,14,1,generic_voi,error_trigger,0.0006903710910354383,0.0,-0.01255063328972017,0.008088226942884247
humidity_inside,severe_burst,15,0,generic_voi,error_trigger,-0.0055617753069261075,-0.06949270326615697,-0.0054579031528043664,0.01968846781272604
humidity_inside,severe_burst,15,1,generic_voi,error_trigger,-0.00034718832522584973,0.0,-0.0004177597534478217,0.01132055507275731
humidity_inside,severe_burst,16,0,generic_voi,error_trigger,-0.00243412647671995,-0.04632846884410469,-0.0038299917034608777,0.013633606396410647
humidity_inside,severe_burst,16,1,generic_voi,error_trigger,0.0024344785730831594,0.04632846884410471,0.004967663171788761,0.015174953775178301
humidity_inside,severe_burst,17,0,generic_voi,error_trigger,0.0020803168867268955,0.023164234422052343,-0.010465721556198848,0.011923840813559017
humidity_inside,severe_burst,17,1,generic_voi,error_trigger,1.908732916378747e-06,0.0,0.0050813555007964695,0.01944689319253734
humidity_inside,severe_burst,18,0,generic_voi,error_trigger,-0.0024313356497567724,-0.046328468844104714,0.0004195555968939946,0.01874469335359974
humidity_inside,severe_burst,18,1,generic_voi,error_trigger,-0.0010421505675237428,0.0,0.0004961752810073161,0.011434487112551794
humidity_inside,severe_burst,19,0,generic_voi,error_trigger,-9.543664582223332e-08,0.023164234422052343,-0.0009035665856254593,0.016207268045811407
humidity_inside,severe_burst,19,1,generic_voi,error_trigger,6.309937456549369e-07,0.0,0.00168244478944235,0.026026892172411276
